Position,Name + ID,Name,ID,Salary,GameInfo,TeamAbbrev 
RB,Le'Veon Bell (9385156),Le'Veon Bell,9385156,9800,PIT@CLE 01:00PM ET,PIT
RB,David Johnson (9385189),David Johnson,9385189,9400,ARI@DET 01:00PM ET,ARI
WR,Antonio Brown (9384897),Antonio Brown,9384897,8800,PIT@CLE 01:00PM ET,PIT
WR,Julio Jones (9384917),Julio Jones,9384917,8500,ATL@CHI 01:00PM ET,ATL
WR,Odell Beckham Jr. (9385324),Odell Beckham Jr.,9385324,8300,NYG@DAL 08:30PM ET,NYG
RB,LeSean McCoy (9384843),LeSean McCoy,9384843,8200,NYJ@BUF 01:00PM ET,BUF
RB,Ezekiel Elliott (9385962),Ezekiel Elliott,9385962,8100,NYG@DAL 08:30PM ET,DAL
WR,A.J. Green (9384923),A.J. Green,9384923,8000,BAL@CIN 01:00PM ET,CIN
WR,Mike Evans (9385380),Mike Evans,9385380,7800,Postponed,TB
WR,Jordy Nelson (9384670),Jordy Nelson,9384670,7600,SEA@GB 04:25PM ET,GB
WR,Dez Bryant (9384840),Dez Bryant,9384840,7500,NYG@DAL 08:30PM ET,DAL
RB,DeMarco Murray (9384787),DeMarco Murray,9384787,7400,OAK@TEN 01:00PM ET,TEN
WR,Michael Thomas (9385667),Michael Thomas,9385667,7400,NO@MIN 07:10PM ET,NO
QB,Ben Roethlisberger (9384688),Ben Roethlisberger,9384688,7300,PIT@CLE 01:00PM ET,PIT
WR,Amari Cooper (9385617),Amari Cooper,9385617,7200,OAK@TEN 01:00PM ET,OAK
QB,Drew Brees (9384630),Drew Brees,9384630,7200,NO@MIN 07:10PM ET,NO
QB,Cam Newton (9384817),Cam Newton,9384817,7100,CAR@SF 04:25PM ET,CAR
RB,Devonta Freeman (9385362),Devonta Freeman,9385362,7000,ATL@CHI 01:00PM ET,ATL
QB,Aaron Rodgers (9384649),Aaron Rodgers,9384649,7000,SEA@GB 04:25PM ET,GB
QB,Matt Ryan (9384656),Matt Ryan,9384656,6900,ATL@CHI 01:00PM ET,ATL
WR,T.Y. Hilton (9384999),T.Y. Hilton,9384999,6900,IND@LAR 04:05PM ET,IND
QB,Russell Wilson (9384875),Russell Wilson,9384875,6900,SEA@GB 04:25PM ET,SEA
QB,Marcus Mariota (9385537),Marcus Mariota,9385537,6800,OAK@TEN 01:00PM ET,TEN
QB,Derek Carr (9385027),Derek Carr,9385027,6700,OAK@TEN 01:00PM ET,OAK
WR,Doug Baldwin (9384856),Doug Baldwin,9384856,6700,SEA@GB 04:25PM ET,SEA
QB,Jameis Winston (9385744),Jameis Winston,9385744,6600,Postponed,TB
RB,Melvin Gordon (9385491),Melvin Gordon,9385491,6600,LAC@DEN 10:20PM ET,LAC
WR,Golden Tate (9384868),Golden Tate,9384868,6500,ARI@DET 01:00PM ET,DET
RB,Jay Ajayi (9385341),Jay Ajayi,9385341,6500,Postponed,MIA
QB,Andrew Luck (9384943),Andrew Luck,9384943,6500,IND@LAR 04:05PM ET,IND
QB,Kirk Cousins (9384891),Kirk Cousins,9384891,6400,PHI@WAS 01:00PM ET,WAS
RB,Jordan Howard (9386151),Jordan Howard,9386151,6300,ATL@CHI 01:00PM ET,CHI
QB,Dak Prescott (9385349),Dak Prescott,9385349,6300,NYG@DAL 08:30PM ET,DAL
WR,Demaryius Thomas (9384805),Demaryius Thomas,9384805,6300,LAC@DEN 10:20PM ET,DEN
QB,Tyrod Taylor (9384855),Tyrod Taylor,9384855,6200,NYJ@BUF 01:00PM ET,BUF
WR,Sammy Watkins (9385417),Sammy Watkins,9385417,6200,IND@LAR 04:05PM ET,LAR
TE,Greg Olsen (9384676),Greg Olsen,9384676,6200,CAR@SF 04:25PM ET,CAR
QB,Matthew Stafford (9384761),Matthew Stafford,9384761,6100,ARI@DET 01:00PM ET,DET
WR,Terrelle Pryor Sr. (9384921),Terrelle Pryor Sr.,9384921,6100,PHI@WAS 01:00PM ET,WAS
RB,Darren McFadden (9384724),Darren McFadden,9384724,6100,NYG@DAL 08:30PM ET,DAL
WR,Keenan Allen (9385257),Keenan Allen,9385257,6100,LAC@DEN 10:20PM ET,LAC
WR,Martavis Bryant (9385411),Martavis Bryant,9385411,6000,PIT@CLE 01:00PM ET,PIT
QB,Carson Palmer (9384644),Carson Palmer,9384644,6000,ARI@DET 01:00PM ET,ARI
WR,Michael Crabtree (9384776),Michael Crabtree,9384776,6000,OAK@TEN 01:00PM ET,OAK
RB,Todd Gurley II (9385829),Todd Gurley II,9385829,6000,IND@LAR 04:05PM ET,LAR
WR,Stefon Diggs (9385812),Stefon Diggs,9385812,6000,NO@MIN 07:10PM ET,MIN
WR,Larry Fitzgerald (9384685),Larry Fitzgerald,9384685,5900,ARI@DET 01:00PM ET,ARI
WR,DeAndre Hopkins (9385299),DeAndre Hopkins,9385299,5900,JAX@HOU 01:00PM ET,HOU
TE,Jordan Reed (9385079),Jordan Reed,9385079,5900,PHI@WAS 01:00PM ET,WAS
WR,Kelvin Benjamin (9385462),Kelvin Benjamin,9385462,5900,CAR@SF 04:25PM ET,CAR
QB,Sam Bradford (9384789),Sam Bradford,9384789,5900,NO@MIN 07:10PM ET,MIN
RB,Dalvin Cook (9386225),Dalvin Cook,9386225,5900,NO@MIN 07:10PM ET,MIN
WR,Alshon Jeffery (9385057),Alshon Jeffery,9385057,5800,PHI@WAS 01:00PM ET,PHI
RB,Ty Montgomery (9385395),Ty Montgomery,9385395,5800,SEA@GB 04:25PM ET,GB
QB,Philip Rivers (9384687),Philip Rivers,9384687,5800,LAC@DEN 10:20PM ET,LAC
QB,Andy Dalton (9384760),Andy Dalton,9384760,5700,BAL@CIN 01:00PM ET,CIN
RB,Leonard Fournette (9386211),Leonard Fournette,9386211,5700,JAX@HOU 01:00PM ET,JAX
WR,Jamison Crowder (9385404),Jamison Crowder,9385404,5600,PHI@WAS 01:00PM ET,WAS
QB,Eli Manning (9384684),Eli Manning,9384684,5600,NYG@DAL 08:30PM ET,NYG
QB,Joe Flacco (9384659),Joe Flacco,9384659,5500,BAL@CIN 01:00PM ET,BAL
RB,Joe Mixon (9386201),Joe Mixon,9386201,5500,BAL@CIN 01:00PM ET,CIN
RB,Derrick Henry (9385973),Derrick Henry,9385973,5500,OAK@TEN 01:00PM ET,TEN
QB,Derek Anderson (9384636),Derek Anderson,9384636,5500,CAR@SF 04:25PM ET,CAR
RB,Tevin Coleman (9385857),Tevin Coleman,9385857,5400,ATL@CHI 01:00PM ET,ATL
QB,Jay Cutler (9384635),Jay Cutler,9384635,5400,Postponed,MIA
WR,Jarvis Landry (9385326),Jarvis Landry,9385326,5400,Postponed,MIA
RB,Christian McCaffrey (9386230),Christian McCaffrey,9386230,5400,CAR@SF 04:25PM ET,CAR
RB,Isaiah Crowell (9385503),Isaiah Crowell,9385503,5300,PIT@CLE 01:00PM ET,CLE
WR,DeVante Parker (9385419),DeVante Parker,9385419,5300,Postponed,MIA
RB,Marshawn Lynch (9384715),Marshawn Lynch,9384715,5300,OAK@TEN 01:00PM ET,OAK
QB,Carson Wentz (9385596),Carson Wentz,9385596,5300,PHI@WAS 01:00PM ET,PHI
WR,Randall Cobb (9384992),Randall Cobb,9384992,5300,SEA@GB 04:25PM ET,GB
WR,Pierre Garcon (9384860),Pierre Garcon,9384860,5300,CAR@SF 04:25PM ET,SF
RB,Danny Woodhead (9384809),Danny Woodhead,9384809,5200,BAL@CIN 01:00PM ET,BAL
WR,Allen Robinson (9385568),Allen Robinson,9385568,5200,JAX@HOU 01:00PM ET,JAX
QB,Colt McCoy (9384759),Colt McCoy,9384759,5200,PHI@WAS 01:00PM ET,WAS
WR,Davante Adams (9385587),Davante Adams,9385587,5200,SEA@GB 04:25PM ET,GB
WR,Emmanuel Sanders (9384770),Emmanuel Sanders,9384770,5200,LAC@DEN 10:20PM ET,DEN
RB,Lamar Miller (9385081),Lamar Miller,9385081,5100,JAX@HOU 01:00PM ET,HOU
TE,Jimmy Graham (9384732),Jimmy Graham,9384732,5100,SEA@GB 04:25PM ET,SEA
QB,Brian Hoyer (9384699),Brian Hoyer,9384699,5100,CAR@SF 04:25PM ET,SF
WR,Brandon Marshall (9384642),Brandon Marshall,9384642,5100,NYG@DAL 08:30PM ET,NYG
WR,Cameron Meredith (9385312),Cameron Meredith,9385312,5000,ATL@CHI 01:00PM ET,CHI
WR,Jeremy Maclin (9384796),Jeremy Maclin,9384796,5000,BAL@CIN 01:00PM ET,BAL
QB,Ryan Tannehill (9384818),Ryan Tannehill,9384818,5000,Postponed,MIA
WR,Eric Decker (9384744),Eric Decker,9384744,5000,OAK@TEN 01:00PM ET,TEN
WR,Donte Moncrief (9385511),Donte Moncrief,9385511,5000,IND@LAR 04:05PM ET,IND
RB,Eddie Lacy (9385074),Eddie Lacy,9385074,5000,SEA@GB 04:25PM ET,SEA
RB,Jonathan Stewart (9384736),Jonathan Stewart,9384736,5000,CAR@SF 04:25PM ET,CAR
QB,Trevor Siemian (9385174),Trevor Siemian,9385174,5000,LAC@DEN 10:20PM ET,DEN
RB,Bilal Powell (9384886),Bilal Powell,9384886,4900,NYJ@BUF 01:00PM ET,NYJ
QB,Mike Glennon (9384978),Mike Glennon,9384978,4900,ATL@CHI 01:00PM ET,CHI
QB,Matt Moore (9384652),Matt Moore,9384652,4900,Postponed,MIA
WR,DeSean Jackson (9384749),DeSean Jackson,9384749,4900,Postponed,TB
RB,Jacquizz Rodgers (9384925),Jacquizz Rodgers,9384925,4900,Postponed,TB
WR,Willie Snead (9385345),Willie Snead,9385345,4900,NO@MIN 07:10PM ET,NO
WR,Tyrell Williams (9385611),Tyrell Williams,9385611,4900,LAC@DEN 10:20PM ET,LAC
RB,Matt Forte (9384705),Matt Forte,9384705,4800,NYJ@BUF 01:00PM ET,NYJ
WR,Kenny Britt (9384807),Kenny Britt,9384807,4800,PIT@CLE 01:00PM ET,CLE
QB,Cody Kessler (9385350),Cody Kessler,9385350,4800,PIT@CLE 01:00PM ET,CLE
QB,DeShone Kizer (9386269),DeShone Kizer,9386269,4800,PIT@CLE 01:00PM ET,CLE
WR,John Brown (9385010),John Brown,9385010,4800,ARI@DET 01:00PM ET,ARI
QB,Tom Savage (9385107),Tom Savage,9385107,4800,JAX@HOU 01:00PM ET,HOU
QB,Blake Bortles (9385307),Blake Bortles,9385307,4800,JAX@HOU 01:00PM ET,JAX
QB,Deshaun Watson (9386227),Deshaun Watson,9386227,4800,JAX@HOU 01:00PM ET,HOU
QB,Ryan Fitzpatrick (9384637),Ryan Fitzpatrick,9384637,4800,Postponed,TB
RB,Doug Martin (9384826),Doug Martin,9384826,4800,Postponed,TB
QB,Jared Goff (9385930),Jared Goff,9385930,4800,IND@LAR 04:05PM ET,LAR
RB,Thomas Rawls (9385470),Thomas Rawls,9385470,4800,SEA@GB 04:25PM ET,SEA
QB,Geno Smith (9385123),Geno Smith,9385123,4800,NYG@DAL 08:30PM ET,NYG
RB,Mark Ingram (9384915),Mark Ingram,9384915,4800,NO@MIN 07:10PM ET,NO
WR,Adam Thielen (9385984),Adam Thielen,9385984,4800,NO@MIN 07:10PM ET,MIN
QB,AJ McCarron (9385076),AJ McCarron,9385076,4700,BAL@CIN 01:00PM ET,CIN
RB,Terrance West (9385384),Terrance West,9385384,4700,BAL@CIN 01:00PM ET,BAL
QB,Landry Jones (9384905),Landry Jones,9384905,4700,PIT@CLE 01:00PM ET,PIT
RB,Theo Riddick (9385085),Theo Riddick,9385085,4700,ARI@DET 01:00PM ET,DET
QB,Brett Hundley (9385332),Brett Hundley,9385332,4700,SEA@GB 04:25PM ET,GB
QB,Colin Kaepernick (9384764),Colin Kaepernick,9384764,4700,CAR@SF 04:25PM ET,SF
WR,Cole Beasley (9384939),Cole Beasley,9384939,4700,NYG@DAL 08:30PM ET,DAL
QB,Case Keenum (9384811),Case Keenum,9384811,4700,NO@MIN 07:10PM ET,MIN
TE,Kyle Rudolph (9385005),Kyle Rudolph,9385005,4700,NO@MIN 07:10PM ET,MIN
QB,Josh McCown (9384631),Josh McCown,9384631,4600,NYJ@BUF 01:00PM ET,NYJ
QB,Mitchell Trubisky (9385951),Mitchell Trubisky,9385951,4600,ATL@CHI 01:00PM ET,CHI
TE,Tyler Eifert (9385083),Tyler Eifert,9385083,4600,BAL@CIN 01:00PM ET,CIN
RB,Duke Johnson Jr. (9385747),Duke Johnson Jr.,9385747,4600,PIT@CLE 01:00PM ET,CLE
QB,Nick Foles (9384890),Nick Foles,9384890,4600,PHI@WAS 01:00PM ET,PHI
RB,Carlos Hyde (9385164),Carlos Hyde,9385164,4600,CAR@SF 04:25PM ET,SF
QB,Chase Daniel (9384746),Chase Daniel,9384746,4600,NO@MIN 07:10PM ET,NO
RB,C.J. Anderson (9385523),C.J. Anderson,9385523,4600,LAC@DEN 10:20PM ET,DEN
QB,Paxton Lynch (9385790),Paxton Lynch,9385790,4600,LAC@DEN 10:20PM ET,DEN
QB,Matt Schaub (9384691),Matt Schaub,9384691,4500,ATL@CHI 01:00PM ET,ATL
WR,Mike Wallace (9384812),Mike Wallace,9384812,4500,BAL@CIN 01:00PM ET,BAL
QB,Ryan Mallett (9384816),Ryan Mallett,9384816,4500,BAL@CIN 01:00PM ET,BAL
RB,Giovani Bernard (9385170),Giovani Bernard,9385170,4500,BAL@CIN 01:00PM ET,CIN
RB,James Conner (9386043),James Conner,9386043,4500,PIT@CLE 01:00PM ET,PIT
QB,Blaine Gabbert (9384961),Blaine Gabbert,9384961,4500,ARI@DET 01:00PM ET,ARI
QB,Matt Cassel (9384632),Matt Cassel,9384632,4500,OAK@TEN 01:00PM ET,TEN
QB,Connor Cook (9385484),Connor Cook,9385484,4500,OAK@TEN 01:00PM ET,OAK
RB,LeGarrette Blount (9384912),LeGarrette Blount,9384912,4500,PHI@WAS 01:00PM ET,PHI
QB,Scott Tolzien (9384784),Scott Tolzien,9384784,4500,IND@LAR 04:05PM ET,IND
QB,Trevone Boykin (9385406),Trevone Boykin,9385406,4500,SEA@GB 04:25PM ET,SEA
RB,Adrian Peterson (9384703),Adrian Peterson,9384703,4500,NO@MIN 07:10PM ET,NO
QB,Brock Osweiler (9385030),Brock Osweiler,9385030,4500,LAC@DEN 10:20PM ET,DEN
WR,Jordan Matthews (9385229),Jordan Matthews,9385229,4400,NYJ@BUF 01:00PM ET,BUF
QB,Christian Hackenberg (9386111),Christian Hackenberg,9386111,4400,NYJ@BUF 01:00PM ET,NYJ
RB,Jeremy Hill (9385620),Jeremy Hill,9385620,4400,BAL@CIN 01:00PM ET,CIN
WR,Corey Coleman (9385845),Corey Coleman,9385845,4400,PIT@CLE 01:00PM ET,CLE
WR,Tyler Lockett (9385452),Tyler Lockett,9385452,4400,SEA@GB 04:25PM ET,SEA
QB,Kellen Moore (9384825),Kellen Moore,9384825,4400,NYG@DAL 08:30PM ET,DAL
RB,Alfred Morris (9384828),Alfred Morris,9384828,4400,NYG@DAL 08:30PM ET,DAL
QB,Cardale Jones (9385666),Cardale Jones,9385666,4400,LAC@DEN 10:20PM ET,LAC
QB,Mark Sanchez (9384743),Mark Sanchez,9384743,4300,ATL@CHI 01:00PM ET,CHI
RB,Ameer Abdullah (9385337),Ameer Abdullah,9385337,4300,ARI@DET 01:00PM ET,DET
QB,Chad Henne (9384700),Chad Henne,9384700,4300,JAX@HOU 01:00PM ET,JAX
TE,Delanie Walker (9384664),Delanie Walker,9384664,4300,OAK@TEN 01:00PM ET,TEN
RB,Rob Kelley (9385427),Rob Kelley,9385427,4300,PHI@WAS 01:00PM ET,WAS
RB,Frank Gore (9384633),Frank Gore,9384633,4300,IND@LAR 04:05PM ET,IND
QB,Sean Mannion (9385273),Sean Mannion,9385273,4300,IND@LAR 04:05PM ET,LAR
WR,Devin Funchess (9385864),Devin Funchess,9385864,4300,CAR@SF 04:25PM ET,CAR
RB,Paul Perkins (9385719),Paul Perkins,9385719,4300,NYG@DAL 08:30PM ET,NYG
QB,T.J. Yates (9384769),T.J. Yates,9384769,4200,NYJ@BUF 01:00PM ET,BUF
WR,Mohamed Sanu (9385016),Mohamed Sanu,9385016,4200,ATL@CHI 01:00PM ET,ATL
WR,Kevin White (9385941),Kevin White,9385941,4200,ATL@CHI 01:00PM ET,CHI
RB,Alfred Blue (9385126),Alfred Blue,9385126,4200,JAX@HOU 01:00PM ET,HOU
WR,Rishard Matthews (9385265),Rishard Matthews,9385265,4200,OAK@TEN 01:00PM ET,TEN
RB,Samaje Perine (9386203),Samaje Perine,9386203,4200,PHI@WAS 01:00PM ET,WAS
WR,Ted Ginn Jr. (9384693),Ted Ginn Jr.,9384693,4200,NO@MIN 07:10PM ET,NO
RB,Latavius Murray (9384997),Latavius Murray,9384997,4200,NO@MIN 07:10PM ET,MIN
RB,Jamaal Charles (9384751),Jamaal Charles,9384751,4200,LAC@DEN 10:20PM ET,DEN
QB,Drew Stanton (9384655),Drew Stanton,9384655,4100,ARI@DET 01:00PM ET,ARI
WR,Marvin Jones Jr. (9384948),Marvin Jones Jr.,9384948,4100,ARI@DET 01:00PM ET,DET
RB,D'Onta Foreman (9386247),D'Onta Foreman,9386247,4100,JAX@HOU 01:00PM ET,HOU
RB,Kenyan Drake (9385821),Kenyan Drake,9385821,4100,Postponed,MIA
RB,DeAndre Washington (9385460),DeAndre Washington,9385460,4100,OAK@TEN 01:00PM ET,OAK
TE,Martellus Bennett (9384755),Martellus Bennett,9384755,4100,SEA@GB 04:25PM ET,GB
RB,C.J. Prosise (9385884),C.J. Prosise,9385884,4100,SEA@GB 04:25PM ET,SEA
RB,Tim Hightower (9384697),Tim Hightower,9384697,4100,CAR@SF 04:25PM ET,SF
WR,Sterling Shepard (9385728),Sterling Shepard,9385728,4100,NYG@DAL 08:30PM ET,NYG
QB,Joe Webb (9384740),Joe Webb,9384740,4000,NYJ@BUF 01:00PM ET,BUF
QB,Bryce Petty (9385056),Bryce Petty,9385056,4000,NYJ@BUF 01:00PM ET,NYJ
QB,Keith Wenning (9385142),Keith Wenning,9385142,4000,NYJ@BUF 01:00PM ET,BUF
QB,Nathan Peterman (9385619),Nathan Peterman,9385619,4000,NYJ@BUF 01:00PM ET,BUF
QB,Matt Simms (9384892),Matt Simms,9384892,4000,ATL@CHI 01:00PM ET,ATL
QB,Connor Shaw (9385153),Connor Shaw,9385153,4000,ATL@CHI 01:00PM ET,CHI
WR,Taylor Gabriel (9386161),Taylor Gabriel,9386161,4000,ATL@CHI 01:00PM ET,ATL
QB,Alek Torgersen (9386185),Alek Torgersen,9386185,4000,ATL@CHI 01:00PM ET,ATL
QB,Thad Lewis (9384798),Thad Lewis,9384798,4000,BAL@CIN 01:00PM ET,BAL
QB,Jeff Driskel (9385361),Jeff Driskel,9385361,4000,BAL@CIN 01:00PM ET,CIN
QB,Dustin Vaughan (9386198),Dustin Vaughan,9386198,4000,BAL@CIN 01:00PM ET,BAL
QB,Robert Griffin III (9384914),Robert Griffin III,9384914,4000,PIT@CLE 01:00PM ET,CLE
WR,Josh Gordon (9385054),Josh Gordon,9385054,4000,PIT@CLE 01:00PM ET,CLE
RB,Fitzgerald Toussaint (9385095),Fitzgerald Toussaint,9385095,4000,PIT@CLE 01:00PM ET,PIT
WR,Justin Hunter (9385147),Justin Hunter,9385147,4000,PIT@CLE 01:00PM ET,PIT
QB,Kevin Hogan (9385394),Kevin Hogan,9385394,4000,PIT@CLE 01:00PM ET,CLE
QB,Josh Woodrum (9385589),Josh Woodrum,9385589,4000,PIT@CLE 01:00PM ET,CLE
QB,Bart Houston (9385658),Bart Houston,9385658,4000,PIT@CLE 01:00PM ET,PIT
QB,Joshua Dobbs (9386018),Joshua Dobbs,9386018,4000,PIT@CLE 01:00PM ET,PIT
QB,Jake Rudock (9385586),Jake Rudock,9385586,4000,ARI@DET 01:00PM ET,DET
QB,Trevor Knight (9385727),Trevor Knight,9385727,4000,ARI@DET 01:00PM ET,ARI
QB,Brandon Weeden (9384842),Brandon Weeden,9384842,4000,JAX@HOU 01:00PM ET,HOU
QB,Ryan Griffin (9384996),Ryan Griffin,9384996,4000,Postponed,TB
QB,David Fales (9385116),David Fales,9385116,4000,Postponed,MIA
QB,Brandon Doughty (9385292),Brandon Doughty,9385292,4000,Postponed,MIA
QB,Sefo Liufau (9386093),Sefo Liufau,9386093,4000,Postponed,TB
QB,EJ Manuel (9384958),EJ Manuel,9384958,4000,OAK@TEN 01:00PM ET,OAK
QB,Alex Tanney (9385607),Alex Tanney,9385607,4000,OAK@TEN 01:00PM ET,TEN
QB,Tyler Ferguson (9385964),Tyler Ferguson,9385964,4000,OAK@TEN 01:00PM ET,TEN
WR,Corey Davis (9385971),Corey Davis,9385971,4000,OAK@TEN 01:00PM ET,TEN
QB,Matt McGloin (9385009),Matt McGloin,9385009,4000,PHI@WAS 01:00PM ET,PHI
QB,Dane Evans (9385649),Dane Evans,9385649,4000,PHI@WAS 01:00PM ET,PHI
QB,Nate Sudfeld (9385861),Nate Sudfeld,9385861,4000,PHI@WAS 01:00PM ET,WAS
QB,Dan Orlovsky (9384638),Dan Orlovsky,9384638,4000,IND@LAR 04:05PM ET,LAR
RB,Robert Turbin (9384882),Robert Turbin,9384882,4000,IND@LAR 04:05PM ET,IND
QB,Stephen Morris (9385140),Stephen Morris,9385140,4000,IND@LAR 04:05PM ET,IND
WR,Robert Woods (9385237),Robert Woods,9385237,4000,IND@LAR 04:05PM ET,LAR
QB,Brandon Allen (9385435),Brandon Allen,9385435,4000,IND@LAR 04:05PM ET,LAR
QB,Phillip Walker (9386124),Phillip Walker,9386124,4000,IND@LAR 04:05PM ET,IND
QB,Austin Davis (9384874),Austin Davis,9384874,4000,SEA@GB 04:25PM ET,SEA
QB,Joe Callahan (9385610),Joe Callahan,9385610,4000,SEA@GB 04:25PM ET,GB
QB,Matt Barkley (9385018),Matt Barkley,9385018,4000,CAR@SF 04:25PM ET,SF
QB,Garrett Gilbert (9385063),Garrett Gilbert,9385063,4000,CAR@SF 04:25PM ET,CAR
QB,C.J. Beathard (9385759),C.J. Beathard,9385759,4000,CAR@SF 04:25PM ET,SF
QB,Nick Mullens (9386106),Nick Mullens,9386106,4000,CAR@SF 04:25PM ET,SF
QB,Brad Kaaya (9386234),Brad Kaaya,9386234,4000,CAR@SF 04:25PM ET,CAR
RB,Joe Williams (9386278),Joe Williams,9386278,4000,CAR@SF 04:25PM ET,SF
QB,Luke McCown (9384692),Luke McCown,9384692,4000,NYG@DAL 08:30PM ET,DAL
QB,Josh Johnson (9384717),Josh Johnson,9384717,4000,NYG@DAL 08:30PM ET,NYG
QB,Cooper Rush (9385820),Cooper Rush,9385820,4000,NYG@DAL 08:30PM ET,DAL
QB,Davis Webb (9385983),Davis Webb,9385983,4000,NYG@DAL 08:30PM ET,NYG
QB,Ryan Nassib (9384987),Ryan Nassib,9384987,4000,NO@MIN 07:10PM ET,NO
QB,Taysom Hill (9385051),Taysom Hill,9385051,4000,NO@MIN 07:10PM ET,NO
QB,Garrett Grayson (9385141),Garrett Grayson,9385141,4000,NO@MIN 07:10PM ET,NO
QB,Teddy Bridgewater (9385355),Teddy Bridgewater,9385355,4000,NO@MIN 07:10PM ET,MIN
QB,Taylor Heinicke (9385403),Taylor Heinicke,9385403,4000,NO@MIN 07:10PM ET,MIN
QB,Mitch Leidner (9385634),Mitch Leidner,9385634,4000,NO@MIN 07:10PM ET,MIN
QB,Kellen Clemens (9384641),Kellen Clemens,9384641,4000,LAC@DEN 10:20PM ET,LAC
RB,Branden Oliver (9385061),Branden Oliver,9385061,4000,LAC@DEN 10:20PM ET,LAC
QB,Mike Bercovici (9385358),Mike Bercovici,9385358,4000,LAC@DEN 10:20PM ET,LAC
QB,Chad Kelly (9385665),Chad Kelly,9385665,4000,LAC@DEN 10:20PM ET,DEN
QB,Kyle Sloter (9385793),Kyle Sloter,9385793,4000,LAC@DEN 10:20PM ET,DEN
DST,Bills  (9384601),Bills ,9384601,3900,NYJ@BUF 01:00PM ET,BUF
RB,Jeremy Langford (9385263),Jeremy Langford,9385263,3900,BAL@CIN 01:00PM ET,BAL
WR,Eli Rogers (9385501),Eli Rogers,9385501,3900,PIT@CLE 01:00PM ET,PIT
RB,Chris Johnson (9384711),Chris Johnson,9384711,3900,ARI@DET 01:00PM ET,ARI
WR,Braxton Miller (9385376),Braxton Miller,9385376,3900,JAX@HOU 01:00PM ET,HOU
RB,T.J. Yeldon (9385626),T.J. Yeldon,9385626,3900,JAX@HOU 01:00PM ET,JAX
RB,Charles Sims (9385072),Charles Sims,9385072,3900,Postponed,TB
RB,Jalen Richard (9385791),Jalen Richard,9385791,3900,OAK@TEN 01:00PM ET,OAK
RB,Darren Sproles (9384639),Darren Sproles,9384639,3900,PHI@WAS 01:00PM ET,PHI
RB,Malcolm Brown (9385436),Malcolm Brown,9385436,3900,IND@LAR 04:05PM ET,LAR
RB,Jamaal Williams (9385843),Jamaal Williams,9385843,3900,SEA@GB 04:25PM ET,GB
TE,Jason Witten (9384647),Jason Witten,9384647,3900,NYG@DAL 08:30PM ET,DAL
RB,Rod Smith (9385209),Rod Smith,9385209,3900,NYG@DAL 08:30PM ET,DAL
RB,Jonathan Williams (9385802),Jonathan Williams,9385802,3900,LAC@DEN 10:20PM ET,DEN
WR,Jeremy Kerley (9384864),Jeremy Kerley,9384864,3800,NYJ@BUF 01:00PM ET,NYJ
WR,Robby Anderson (9385554),Robby Anderson,9385554,3800,NYJ@BUF 01:00PM ET,NYJ
WR,Sammie Coates (9385366),Sammie Coates,9385366,3800,PIT@CLE 01:00PM ET,CLE
RB,Kerwynn Williams (9385070),Kerwynn Williams,9385070,3800,ARI@DET 01:00PM ET,ARI
RB,Zach Zenner (9385320),Zach Zenner,9385320,3800,ARI@DET 01:00PM ET,DET
DST,Texans  (9384602),Texans ,9384602,3800,JAX@HOU 01:00PM ET,HOU
WR,Marqise Lee (9385399),Marqise Lee,9385399,3800,JAX@HOU 01:00PM ET,JAX
WR,Will Fuller V (9386139),Will Fuller V,9386139,3800,JAX@HOU 01:00PM ET,HOU
WR,Kenny Stills (9385151),Kenny Stills,9385151,3800,Postponed,MIA
RB,Damien Williams (9385730),Damien Williams,9385730,3800,Postponed,MIA
WR,Nelson Agholor (9385723),Nelson Agholor,9385723,3800,PHI@WAS 01:00PM ET,PHI
RB,Wendell Smallwood (9385939),Wendell Smallwood,9385939,3800,PHI@WAS 01:00PM ET,PHI
WR,Tavon Austin (9385121),Tavon Austin,9385121,3800,IND@LAR 04:05PM ET,LAR
RB,Shane Vereen (9384878),Shane Vereen,9384878,3800,NYG@DAL 08:30PM ET,NYG
WR,Terrance Williams (9384937),Terrance Williams,9384937,3800,NYG@DAL 08:30PM ET,DAL
WR,ArDarius Stewart (9386157),ArDarius Stewart,9386157,3700,NYJ@BUF 01:00PM ET,NYJ
WR,Brandon LaFell (9384757),Brandon LaFell,9384757,3700,BAL@CIN 01:00PM ET,CIN
WR,J.J. Nelson (9385269),J.J. Nelson,9385269,3700,ARI@DET 01:00PM ET,ARI
DST,Jaguars  (9384628),Jaguars ,9384628,3700,JAX@HOU 01:00PM ET,JAX
RB,Jeremy McNichols (9386257),Jeremy McNichols,9386257,3700,Postponed,TB
WR,Torrey Smith (9384853),Torrey Smith,9384853,3700,PHI@WAS 01:00PM ET,PHI
RB,Chris Thompson (9385089),Chris Thompson,9385089,3700,PHI@WAS 01:00PM ET,WAS
TE,Jack Doyle (9385012),Jack Doyle,9385012,3700,IND@LAR 04:05PM ET,IND
WR,Cooper Kupp (9385890),Cooper Kupp,9385890,3700,IND@LAR 04:05PM ET,LAR
WR,Paul Richardson (9385297),Paul Richardson,9385297,3700,SEA@GB 04:25PM ET,SEA
RB,Aaron Jones (9386025),Aaron Jones,9386025,3700,SEA@GB 04:25PM ET,GB
RB,Fozzy Whittaker (9384819),Fozzy Whittaker,9384819,3700,CAR@SF 04:25PM ET,CAR
WR,Mike Williams (9385996),Mike Williams,9385996,3700,LAC@DEN 10:20PM ET,LAC
RB,Benny Cunningham (9385037),Benny Cunningham,9385037,3600,ATL@CHI 01:00PM ET,CHI
WR,Tyler Boyd (9386041),Tyler Boyd,9386041,3600,BAL@CIN 01:00PM ET,CIN
DST,Steelers  (9384621),Steelers ,9384621,3600,PIT@CLE 01:00PM ET,PIT
WR,JuJu Smith-Schuster (9386249),JuJu Smith-Schuster,9386249,3600,PIT@CLE 01:00PM ET,PIT
TE,Eric Ebron (9385472),Eric Ebron,9385472,3600,ARI@DET 01:00PM ET,DET
WR,Kenny Golladay (9385880),Kenny Golladay,9385880,3600,ARI@DET 01:00PM ET,DET
RB,Chris Ivory (9384803),Chris Ivory,9384803,3600,JAX@HOU 01:00PM ET,JAX
WR,Adam Humphries (9385413),Adam Humphries,9385413,3600,Postponed,TB
WR,Taywan Taylor (9386147),Taywan Taylor,9386147,3600,OAK@TEN 01:00PM ET,TEN
WR,Jeff Janis (9386196),Jeff Janis,9386196,3600,SEA@GB 04:25PM ET,GB
WR,Curtis Samuel (9386207),Curtis Samuel,9386207,3600,CAR@SF 04:25PM ET,CAR
DST,Broncos  (9384607),Broncos ,9384607,3600,LAC@DEN 10:20PM ET,DEN
RB,De'Angelo Henderson (9385421),De'Angelo Henderson,9385421,3600,LAC@DEN 10:20PM ET,DEN
WR,Anquan Boldin (9384645),Anquan Boldin,9384645,3500,NYJ@BUF 01:00PM ET,BUF
WR,Charone Peake (9385415),Charone Peake,9385415,3500,NYJ@BUF 01:00PM ET,NYJ
RB,Elijah McGuire (9386004),Elijah McGuire,9386004,3500,NYJ@BUF 01:00PM ET,NYJ
WR,Zay Jones (9386083),Zay Jones,9386083,3500,NYJ@BUF 01:00PM ET,BUF
WR,Markus Wheaton (9385033),Markus Wheaton,9385033,3500,ATL@CHI 01:00PM ET,CHI
WR,Breshad Perriman (9385661),Breshad Perriman,9385661,3500,BAL@CIN 01:00PM ET,BAL
WR,Allen Hurns (9385136),Allen Hurns,9385136,3500,JAX@HOU 01:00PM ET,JAX
WR,Jaelen Strong (9385977),Jaelen Strong,9385977,3500,JAX@HOU 01:00PM ET,HOU
TE,Zach Ertz (9385045),Zach Ertz,9385045,3500,PHI@WAS 01:00PM ET,PHI
WR,Josh Doctson (9385359),Josh Doctson,9385359,3500,PHI@WAS 01:00PM ET,WAS
RB,Donnel Pumphrey (9386081),Donnel Pumphrey,9386081,3500,PHI@WAS 01:00PM ET,PHI
WR,Kamar Aiken (9384866),Kamar Aiken,9384866,3500,IND@LAR 04:05PM ET,IND
RB,Devante Mays (9386280),Devante Mays,9386280,3500,SEA@GB 04:25PM ET,GB
DST,Panthers  (9384627),Panthers ,9384627,3500,CAR@SF 04:25PM ET,CAR
RB,Wayne Gallman (9385994),Wayne Gallman,9385994,3500,NYG@DAL 08:30PM ET,NYG
WR,Laquon Treadwell (9386109),Laquon Treadwell,9386109,3500,NO@MIN 07:10PM ET,MIN
RB,Alvin Kamara (9386155),Alvin Kamara,9386155,3500,NO@MIN 07:10PM ET,NO
WR,Dontrelle Inman (9384851),Dontrelle Inman,9384851,3500,LAC@DEN 10:20PM ET,LAC
RB,Devontae Booker (9385979),Devontae Booker,9385979,3500,LAC@DEN 10:20PM ET,DEN
WR,Jermaine Kearse (9384933),Jermaine Kearse,9384933,3400,NYJ@BUF 01:00PM ET,NYJ
RB,Andre Ellington (9384964),Andre Ellington,9384964,3400,ARI@DET 01:00PM ET,ARI
DST,Buccaneers  (9384625),Buccaneers ,9384625,3400,Postponed,TB
WR,Ryan Grant (9385031),Ryan Grant,9385031,3400,PHI@WAS 01:00PM ET,WAS
RB,Marlon Mack (9386270),Marlon Mack,9386270,3400,IND@LAR 04:05PM ET,IND
WR,Travis Benjamin (9384979),Travis Benjamin,9384979,3400,LAC@DEN 10:20PM ET,LAC
TE,Hunter Henry (9386061),Hunter Henry,9386061,3400,LAC@DEN 10:20PM ET,LAC
DST,Falcons  (9384600),Falcons ,9384600,3300,ATL@CHI 01:00PM ET,ATL
WR,Victor Cruz (9384695),Victor Cruz,9384695,3300,ATL@CHI 01:00PM ET,CHI
WR,John Ross (9386096),John Ross,9386096,3300,BAL@CIN 01:00PM ET,CIN
WR,Jaron Brown (9384966),Jaron Brown,9384966,3300,ARI@DET 01:00PM ET,ARI
RB,Dwayne Washington (9385924),Dwayne Washington,9385924,3300,ARI@DET 01:00PM ET,DET
TE,Jared Cook (9384741),Jared Cook,9384741,3300,OAK@TEN 01:00PM ET,OAK
WR,Seth Roberts (9385916),Seth Roberts,9385916,3300,OAK@TEN 01:00PM ET,OAK
WR,Phillip Dorsett (9385386),Phillip Dorsett,9385386,3300,IND@LAR 04:05PM ET,IND
WR,Aldrick Robinson (9384876),Aldrick Robinson,9384876,3300,CAR@SF 04:25PM ET,SF
WR,Russell Shepard (9385014),Russell Shepard,9385014,3300,CAR@SF 04:25PM ET,CAR
WR,Roger Lewis (9386215),Roger Lewis,9386215,3300,NYG@DAL 08:30PM ET,NYG
WR,Brandon Coleman (9385245),Brandon Coleman,9385245,3300,NO@MIN 07:10PM ET,NO
TE,Charles Clay (9384870),Charles Clay,9384870,3200,NYJ@BUF 01:00PM ET,BUF
WR,Kendall Wright (9384935),Kendall Wright,9384935,3200,ATL@CHI 01:00PM ET,CHI
RB,Ryan Mathews (9384899),Ryan Mathews,9384899,3200,PHI@WAS 01:00PM ET,PHI
DST,Rams  (9384613),Rams ,9384613,3200,IND@LAR 04:05PM ET,LAR
WR,Marquise Goodwin (9385064),Marquise Goodwin,9385064,3200,CAR@SF 04:25PM ET,SF
WR,Tavarres King (9384908),Tavarres King,9384908,3200,NYG@DAL 08:30PM ET,NYG
RB,Jerick McKinnon (9385314),Jerick McKinnon,9385314,3200,NO@MIN 07:10PM ET,MIN
DST,Bengals  (9384604),Bengals ,9384604,3100,BAL@CIN 01:00PM ET,CIN
TE,C.J. Fiedorowicz (9385207),C.J. Fiedorowicz,9385207,3100,JAX@HOU 01:00PM ET,HOU
TE,Cameron Brate (9385193),Cameron Brate,9385193,3100,Postponed,TB
WR,Tajae Sharpe (9385912),Tajae Sharpe,9385912,3100,OAK@TEN 01:00PM ET,TEN
RB,Elijah Hood (9386219),Elijah Hood,9386219,3100,OAK@TEN 01:00PM ET,OAK
WR,Brian Quick (9384836),Brian Quick,9384836,3100,PHI@WAS 01:00PM ET,WAS
WR,Pharoh Cooper (9386069),Pharoh Cooper,9386069,3100,IND@LAR 04:05PM ET,LAR
RB,Orleans Darkwa (9385175),Orleans Darkwa,9385175,3100,NYG@DAL 08:30PM ET,NYG
RB,Mike Tolbert (9384709),Mike Tolbert,9384709,3000,NYJ@BUF 01:00PM ET,BUF
WR,Brandon Tate (9384726),Brandon Tate,9384726,3000,NYJ@BUF 01:00PM ET,BUF
RB,Taiwan Jones (9384832),Taiwan Jones,9384832,3000,NYJ@BUF 01:00PM ET,BUF
RB,Joe Banyard (9384862),Joe Banyard,9384862,3000,NYJ@BUF 01:00PM ET,BUF
RB,Patrick DiMarco (9384901),Patrick DiMarco,9384901,3000,NYJ@BUF 01:00PM ET,BUF
WR,Frankie Hammond Jr. (9384959),Frankie Hammond Jr.,9384959,3000,NYJ@BUF 01:00PM ET,NYJ
WR,Myles White (9384974),Myles White,9384974,3000,NYJ@BUF 01:00PM ET,NYJ
WR,Quincy Enunwa (9385132),Quincy Enunwa,9385132,3000,NYJ@BUF 01:00PM ET,NYJ
WR,Kenbrell Thompkins (9385168),Kenbrell Thompkins,9385168,3000,NYJ@BUF 01:00PM ET,NYJ
WR,Rod Streater (9385179),Rod Streater,9385179,3000,NYJ@BUF 01:00PM ET,BUF
RB,Marcus Murphy (9385199),Marcus Murphy,9385199,3000,NYJ@BUF 01:00PM ET,NYJ
WR,Walter Powell (9385223),Walter Powell,9385223,3000,NYJ@BUF 01:00PM ET,BUF
WR,Kaelin Clay (9385259),Kaelin Clay,9385259,3000,NYJ@BUF 01:00PM ET,BUF
WR,Andre Holmes (9385274),Andre Holmes,9385274,3000,NYJ@BUF 01:00PM ET,BUF
RB,Algernon Brown (9385282),Algernon Brown,9385282,3000,NYJ@BUF 01:00PM ET,NYJ
WR,Marquess Wilson (9385295),Marquess Wilson,9385295,3000,NYJ@BUF 01:00PM ET,NYJ
WR,Philly Brown (9385318),Philly Brown,9385318,3000,NYJ@BUF 01:00PM ET,BUF
WR,Rashad Ross (9385392),Rashad Ross,9385392,3000,NYJ@BUF 01:00PM ET,BUF
WR,Dezmin Lewis (9385409),Dezmin Lewis,9385409,3000,NYJ@BUF 01:00PM ET,BUF
WR,Deshon Foxx (9385438),Deshon Foxx,9385438,3000,NYJ@BUF 01:00PM ET,NYJ
RB,Romar Morris (9385474),Romar Morris,9385474,3000,NYJ@BUF 01:00PM ET,NYJ
WR,Jeremy Butler (9385519),Jeremy Butler,9385519,3000,NYJ@BUF 01:00PM ET,BUF
WR,Brandon Reilly (9385641),Brandon Reilly,9385641,3000,NYJ@BUF 01:00PM ET,BUF
WR,Gabe Marks (9385659),Gabe Marks,9385659,3000,NYJ@BUF 01:00PM ET,NYJ
WR,Chris Harper (9385705),Chris Harper,9385705,3000,NYJ@BUF 01:00PM ET,NYJ
WR,Kalif Raymond (9385778),Kalif Raymond,9385778,3000,NYJ@BUF 01:00PM ET,NYJ
RB,Jordan Johnson (9385814),Jordan Johnson,9385814,3000,NYJ@BUF 01:00PM ET,BUF
WR,Daikiel Shorts (9385937),Daikiel Shorts,9385937,3000,NYJ@BUF 01:00PM ET,BUF
WR,Jalin Marshall (9385960),Jalin Marshall,9385960,3000,NYJ@BUF 01:00PM ET,NYJ
WR,Lucky Whitehead (9385969),Lucky Whitehead,9385969,3000,NYJ@BUF 01:00PM ET,NYJ
WR,Damore'ea Stringfellow (9386098),Damore'ea Stringfellow,9386098,3000,NYJ@BUF 01:00PM ET,NYJ
RB,Jahad Thomas (9386122),Jahad Thomas,9386122,3000,NYJ@BUF 01:00PM ET,NYJ
WR,Dan Williams (9386169),Dan Williams,9386169,3000,NYJ@BUF 01:00PM ET,NYJ
RB,Anthony Firkser (9386181),Anthony Firkser,9386181,3000,NYJ@BUF 01:00PM ET,NYJ
WR,Chad Hansen (9386188),Chad Hansen,9386188,3000,NYJ@BUF 01:00PM ET,NYJ
RB,Julian Howsare (9386286),Julian Howsare,9386286,3000,NYJ@BUF 01:00PM ET,NYJ
RB,Cedric O'Neal (9386312),Cedric O'Neal,9386312,3000,NYJ@BUF 01:00PM ET,BUF
WR,Andre Roberts (9384780),Andre Roberts,9384780,3000,ATL@CHI 01:00PM ET,ATL
WR,Deonte Thompson (9384838),Deonte Thompson,9384838,3000,ATL@CHI 01:00PM ET,CHI
RB,Derrick Coleman (9384950),Derrick Coleman,9384950,3000,ATL@CHI 01:00PM ET,ATL
WR,B.J. Daniels (9384981),B.J. Daniels,9384981,3000,ATL@CHI 01:00PM ET,ATL
WR,Rueben Randle (9385035),Rueben Randle,9385035,3000,ATL@CHI 01:00PM ET,CHI
WR,Nick Williams (9385103),Nick Williams,9385103,3000,ATL@CHI 01:00PM ET,ATL
WR,Josh Bellamy (9385211),Josh Bellamy,9385211,3000,ATL@CHI 01:00PM ET,CHI
RB,Michael Burton (9385247),Michael Burton,9385247,3000,ATL@CHI 01:00PM ET,CHI
WR,Justin Hardy (9385267),Justin Hardy,9385267,3000,ATL@CHI 01:00PM ET,ATL
RB,Terron Ward (9385335),Terron Ward,9385335,3000,ATL@CHI 01:00PM ET,ATL
WR,Titus Davis (9385347),Titus Davis,9385347,3000,ATL@CHI 01:00PM ET,CHI
RB,Ka'Deem Carey (9385378),Ka'Deem Carey,9385378,3000,ATL@CHI 01:00PM ET,CHI
WR,Tre McBride (9385382),Tre McBride,9385382,3000,ATL@CHI 01:00PM ET,CHI
WR,Marvin Hall (9385517),Marvin Hall,9385517,3000,ATL@CHI 01:00PM ET,ATL
RB,Jhurell Pressley (9385615),Jhurell Pressley,9385615,3000,ATL@CHI 01:00PM ET,ATL
WR,Daniel Braverman (9385652),Daniel Braverman,9385652,3000,ATL@CHI 01:00PM ET,CHI
WR,Alton Howard (9385697),Alton Howard,9385697,3000,ATL@CHI 01:00PM ET,CHI
RB,Josh Rounds (9385794),Josh Rounds,9385794,3000,ATL@CHI 01:00PM ET,CHI
WR,Josh Magee (9385823),Josh Magee,9385823,3000,ATL@CHI 01:00PM ET,ATL
WR,Deante Burton (9385849),Deante Burton,9385849,3000,ATL@CHI 01:00PM ET,ATL
WR,Reginald Davis III (9385851),Reginald Davis III,9385851,3000,ATL@CHI 01:00PM ET,ATL
RB,Kelvin Taylor (9385928),Kelvin Taylor,9385928,3000,ATL@CHI 01:00PM ET,ATL
WR,Bra'Lon Cherry (9385952),Bra'Lon Cherry,9385952,3000,ATL@CHI 01:00PM ET,ATL
WR,Tanner Gentry (9385967),Tanner Gentry,9385967,3000,ATL@CHI 01:00PM ET,CHI
RB,Freddie Stevenson (9385990),Freddie Stevenson,9385990,3000,ATL@CHI 01:00PM ET,CHI
TE,Austin Hooper (9386006),Austin Hooper,9386006,3000,ATL@CHI 01:00PM ET,ATL
RB,Taquan Mizzell (9386075),Taquan Mizzell,9386075,3000,ATL@CHI 01:00PM ET,CHI
RB,Tyler Renew (9386135),Tyler Renew,9386135,3000,ATL@CHI 01:00PM ET,ATL
RB,Tarik Cohen (9386179),Tarik Cohen,9386179,3000,ATL@CHI 01:00PM ET,CHI
RB,Brian Hill (9386223),Brian Hill,9386223,3000,ATL@CHI 01:00PM ET,ATL
WR,Anthony Dable (9386306),Anthony Dable,9386306,3000,ATL@CHI 01:00PM ET,ATL
RB,Cedric Peerman (9384707),Cedric Peerman,9384707,3000,BAL@CIN 01:00PM ET,CIN
RB,Bobby Rainey (9384893),Bobby Rainey,9384893,3000,BAL@CIN 01:00PM ET,BAL
WR,Griff Whalen (9384944),Griff Whalen,9384944,3000,BAL@CIN 01:00PM ET,BAL
WR,Michael Campanaro (9385039),Michael Campanaro,9385039,3000,BAL@CIN 01:00PM ET,BAL
WR,Chris Matthews (9385112),Chris Matthews,9385112,3000,BAL@CIN 01:00PM ET,BAL
WR,Kenny Bell (9385130),Kenny Bell,9385130,3000,BAL@CIN 01:00PM ET,BAL
WR,Jake Kumerow (9385278),Jake Kumerow,9385278,3000,BAL@CIN 01:00PM ET,CIN
RB,Javorius Allen (9385397),Javorius Allen,9385397,3000,BAL@CIN 01:00PM ET,BAL
WR,Chris Moore (9385497),Chris Moore,9385497,3000,BAL@CIN 01:00PM ET,BAL
RB,Tra Carson (9385535),Tra Carson,9385535,3000,BAL@CIN 01:00PM ET,CIN
WR,Alex Erickson (9385656),Alex Erickson,9385656,3000,BAL@CIN 01:00PM ET,CIN
RB,Kenneth Dixon (9385784),Kenneth Dixon,9385784,3000,BAL@CIN 01:00PM ET,BAL
WR,Cody Core (9385833),Cody Core,9385833,3000,BAL@CIN 01:00PM ET,CIN
RB,Ricky Ortiz (9385839),Ricky Ortiz,9385839,3000,BAL@CIN 01:00PM ET,BAL
WR,C.J. Board (9385847),C.J. Board,9385847,3000,BAL@CIN 01:00PM ET,BAL
WR,Keenan Reynolds (9385855),Keenan Reynolds,9385855,3000,BAL@CIN 01:00PM ET,BAL
WR,Alonzo Russell (9385878),Alonzo Russell,9385878,3000,BAL@CIN 01:00PM ET,CIN
WR,Chris Brown (9385882),Chris Brown,9385882,3000,BAL@CIN 01:00PM ET,CIN
RB,Lorenzo Taliaferro (9385898),Lorenzo Taliaferro,9385898,3000,BAL@CIN 01:00PM ET,BAL
RB,Darrin Laufasa (9386023),Darrin Laufasa,9386023,3000,BAL@CIN 01:00PM ET,CIN
WR,Kermit Whitfield (9386035),Kermit Whitfield,9386035,3000,BAL@CIN 01:00PM ET,CIN
RB,Jarveon Williams (9386053),Jarveon Williams,9386053,3000,BAL@CIN 01:00PM ET,CIN
WR,Quincy Adeboyejo (9386125),Quincy Adeboyejo,9386125,3000,BAL@CIN 01:00PM ET,BAL
WR,Vince Mayle (9386131),Vince Mayle,9386131,3000,BAL@CIN 01:00PM ET,BAL
WR,Josh Malone (9386199),Josh Malone,9386199,3000,BAL@CIN 01:00PM ET,CIN
WR,Tim White (9386294),Tim White,9386294,3000,BAL@CIN 01:00PM ET,BAL
RB,DeAngelo Williams (9384660),DeAngelo Williams,9384660,3000,PIT@CLE 01:00PM ET,PIT
WR,Darrius Heyward-Bey (9384720),Darrius Heyward-Bey,9384720,3000,PIT@CLE 01:00PM ET,PIT
WR,Josh Boyce (9385019),Josh Boyce,9385019,3000,PIT@CLE 01:00PM ET,CLE
RB,Knile Davis (9385023),Knile Davis,9385023,3000,PIT@CLE 01:00PM ET,PIT
WR,Cobi Hamilton (9385108),Cobi Hamilton,9385108,3000,PIT@CLE 01:00PM ET,PIT
RB,Roosevelt Nix (9385177),Roosevelt Nix,9385177,3000,PIT@CLE 01:00PM ET,PIT
WR,Jordan Leslie (9385217),Jordan Leslie,9385217,3000,PIT@CLE 01:00PM ET,CLE
RB,Terrence Magee (9385328),Terrence Magee,9385328,3000,PIT@CLE 01:00PM ET,CLE
RB,Brandon Wilds (9385450),Brandon Wilds,9385450,3000,PIT@CLE 01:00PM ET,CLE
WR,Richard Mullaney (9385538),Richard Mullaney,9385538,3000,PIT@CLE 01:00PM ET,CLE
WR,Kasen Williams (9385544),Kasen Williams,9385544,3000,PIT@CLE 01:00PM ET,CLE
WR,Rannell Hall (9385574),Rannell Hall,9385574,3000,PIT@CLE 01:00PM ET,CLE
RB,Terrell Watson (9385594),Terrell Watson,9385594,3000,PIT@CLE 01:00PM ET,PIT
TE,Jesse James (9385647),Jesse James,9385647,3000,PIT@CLE 01:00PM ET,PIT
RB,Trey Williams (9385703),Trey Williams,9385703,3000,PIT@CLE 01:00PM ET,PIT
WR,Jordan Payton (9385717),Jordan Payton,9385717,3000,PIT@CLE 01:00PM ET,CLE
WR,Justin Thomas (9385745),Justin Thomas,9385745,3000,PIT@CLE 01:00PM ET,PIT
RB,Danny Vitale (9385762),Danny Vitale,9385762,3000,PIT@CLE 01:00PM ET,CLE
WR,Ricardo Louis (9385804),Ricardo Louis,9385804,3000,PIT@CLE 01:00PM ET,CLE
WR,Reggie Davis (9386002),Reggie Davis,9386002,3000,PIT@CLE 01:00PM ET,CLE
WR,Demarcus Ayers (9386019),Demarcus Ayers,9386019,3000,PIT@CLE 01:00PM ET,PIT
WR,Rashard Higgins (9386027),Rashard Higgins,9386027,3000,PIT@CLE 01:00PM ET,CLE
RB,Matthew Dayes (9386039),Matthew Dayes,9386039,3000,PIT@CLE 01:00PM ET,CLE
WR,Mario Alford (9386102),Mario Alford,9386102,3000,PIT@CLE 01:00PM ET,CLE
WR,Rasheed Bailey (9386284),Rasheed Bailey,9386284,3000,PIT@CLE 01:00PM ET,CLE
WR,Marcus Tucker (9386316),Marcus Tucker,9386316,3000,PIT@CLE 01:00PM ET,PIT
WR,Jeremy Ross (9384785),Jeremy Ross,9384785,3000,ARI@DET 01:00PM ET,ARI
RB,Matt Asiata (9384830),Matt Asiata,9384830,3000,ARI@DET 01:00PM ET,DET
WR,Keshawn Martin (9384972),Keshawn Martin,9384972,3000,ARI@DET 01:00PM ET,DET
RB,Mike James (9385025),Mike James,9385025,3000,ARI@DET 01:00PM ET,DET
WR,Ryan Spadola (9385043),Ryan Spadola,9385043,3000,ARI@DET 01:00PM ET,DET
WR,Jared Abbrederis (9385101),Jared Abbrederis,9385101,3000,ARI@DET 01:00PM ET,DET
WR,Aaron Dobson (9385117),Aaron Dobson,9385117,3000,ARI@DET 01:00PM ET,ARI
WR,TJ Jones (9385166),TJ Jones,9385166,3000,ARI@DET 01:00PM ET,DET
RB,Elijhaa Penny (9385499),Elijhaa Penny,9385499,3000,ARI@DET 01:00PM ET,ARI
WR,Brittan Golden (9385603),Brittan Golden,9385603,3000,ARI@DET 01:00PM ET,ARI
RB,Tion Green (9385635),Tion Green,9385635,3000,ARI@DET 01:00PM ET,DET
WR,Michael Rector (9385713),Michael Rector,9385713,3000,ARI@DET 01:00PM ET,DET
WR,Dontez Ford (9385768),Dontez Ford,9385768,3000,ARI@DET 01:00PM ET,DET
WR,Carlton Agudosi (9385870),Carlton Agudosi,9385870,3000,ARI@DET 01:00PM ET,ARI
WR,Chris Hubert (9385908),Chris Hubert,9385908,3000,ARI@DET 01:00PM ET,ARI
RB,T.J. Logan (9385947),T.J. Logan,9385947,3000,ARI@DET 01:00PM ET,ARI
WR,Noel Thomas (9385965),Noel Thomas,9385965,3000,ARI@DET 01:00PM ET,DET
WR,Jace Billingsley (9386167),Jace Billingsley,9386167,3000,ARI@DET 01:00PM ET,DET
WR,Chad Williams (9386186),Chad Williams,9386186,3000,ARI@DET 01:00PM ET,ARI
RB,James Summers (9386302),James Summers,9386302,3000,ARI@DET 01:00PM ET,ARI
WR,Dez Stewart (9386310),Dez Stewart,9386310,3000,ARI@DET 01:00PM ET,DET
WR,Krishawn Hogan (9386332),Krishawn Hogan,9386332,3000,ARI@DET 01:00PM ET,ARI
WR,Arrelious Benn (9384821),Arrelious Benn,9384821,3000,JAX@HOU 01:00PM ET,JAX
RB,DuJuan Harris (9384834),DuJuan Harris,9384834,3000,JAX@HOU 01:00PM ET,JAX
RB,Jonathan Grimes (9384954),Jonathan Grimes,9384954,3000,JAX@HOU 01:00PM ET,JAX
RB,Jordan Todman (9384983),Jordan Todman,9384983,3000,JAX@HOU 01:00PM ET,HOU
RB,Tommy Bohanon (9385028),Tommy Bohanon,9385028,3000,JAX@HOU 01:00PM ET,JAX
RB,Tyler Gaffney (9385047),Tyler Gaffney,9385047,3000,JAX@HOU 01:00PM ET,JAX
WR,Devin Street (9385105),Devin Street,9385105,3000,JAX@HOU 01:00PM ET,HOU
RB,Jay Prosch (9385154),Jay Prosch,9385154,3000,JAX@HOU 01:00PM ET,HOU
WR,Dres Anderson (9385158),Dres Anderson,9385158,3000,JAX@HOU 01:00PM ET,HOU
WR,Larry Pinkard (9385215),Larry Pinkard,9385215,3000,JAX@HOU 01:00PM ET,JAX
RB,Corey Grant (9385249),Corey Grant,9385249,3000,JAX@HOU 01:00PM ET,JAX
WR,DeAndrew White (9385253),DeAndrew White,9385253,3000,JAX@HOU 01:00PM ET,HOU
RB,Tyler Ervin (9385423),Tyler Ervin,9385423,3000,JAX@HOU 01:00PM ET,HOU
WR,Jamal Robinson (9385431),Jamal Robinson,9385431,3000,JAX@HOU 01:00PM ET,JAX
WR,Bruce Ellington (9385446),Bruce Ellington,9385446,3000,JAX@HOU 01:00PM ET,HOU
WR,Rashad Greene Sr. (9385464),Rashad Greene Sr.,9385464,3000,JAX@HOU 01:00PM ET,JAX
WR,Marcus Leak (9385468),Marcus Leak,9385468,3000,JAX@HOU 01:00PM ET,HOU
RB,Akeem Hunt (9385487),Akeem Hunt,9385487,3000,JAX@HOU 01:00PM ET,HOU
WR,Shane Wynn (9385564),Shane Wynn,9385564,3000,JAX@HOU 01:00PM ET,JAX
WR,Germone Hopper (9385663),Germone Hopper,9385663,3000,JAX@HOU 01:00PM ET,HOU
WR,Kenneth Walker III (9385721),Kenneth Walker III,9385721,3000,JAX@HOU 01:00PM ET,JAX
WR,Justin Hardee (9385757),Justin Hardee,9385757,3000,JAX@HOU 01:00PM ET,HOU
RB,I'Tavius Mathers (9385835),I'Tavius Mathers,9385835,3000,JAX@HOU 01:00PM ET,JAX
WR,Amba Etta-Tawo (9385853),Amba Etta-Tawo,9385853,3000,JAX@HOU 01:00PM ET,JAX
WR,Riley McCarron (9385902),Riley McCarron,9385902,3000,JAX@HOU 01:00PM ET,HOU
RB,Dare Ogunbowale (9385906),Dare Ogunbowale,9385906,3000,JAX@HOU 01:00PM ET,HOU
WR,Andy Jones (9385914),Andy Jones,9385914,3000,JAX@HOU 01:00PM ET,HOU
WR,Chris Thompson (9386114),Chris Thompson,9386114,3000,JAX@HOU 01:00PM ET,HOU
RB,Marquez Williams (9386192),Marquez Williams,9386192,3000,JAX@HOU 01:00PM ET,JAX
WR,Keelan Cole (9386194),Keelan Cole,9386194,3000,JAX@HOU 01:00PM ET,JAX
WR,Dede Westbrook (9386276),Dede Westbrook,9386276,3000,JAX@HOU 01:00PM ET,JAX
RB,Tim Cook (9386298),Tim Cook,9386298,3000,JAX@HOU 01:00PM ET,JAX
WR,Wendall Williams (9386314),Wendall Williams,9386314,3000,JAX@HOU 01:00PM ET,HOU
WR,Vincent Jackson (9384666),Vincent Jackson,9384666,3000,Postponed,TB
RB,Austin Johnson (9384910),Austin Johnson,9384910,3000,Postponed,TB
WR,Mitch Mathews (9385068),Mitch Mathews,9385068,3000,Postponed,MIA
RB,Storm Johnson (9385138),Storm Johnson,9385138,3000,Postponed,MIA
WR,Rashad Lawrence (9385172),Rashad Lawrence,9385172,3000,Postponed,MIA
RB,Senorise Perry (9385213),Senorise Perry,9385213,3000,Postponed,MIA
WR,Josh Huff (9385231),Josh Huff,9385231,3000,Postponed,TB
RB,Blake Sims (9385251),Blake Sims,9385251,3000,Postponed,TB
WR,Bernard Reedy (9385288),Bernard Reedy,9385288,3000,Postponed,TB
WR,Freddie Martino (9385305),Freddie Martino,9385305,3000,Postponed,TB
WR,Shaq Hill (9385372),Shaq Hill,9385372,3000,Postponed,TB
WR,Rashawn Scott (9385388),Rashawn Scott,9385388,3000,Postponed,MIA
WR,Jakeem Grant (9385458),Jakeem Grant,9385458,3000,Postponed,MIA
WR,Trey Griffey (9385622),Trey Griffey,9385622,3000,Postponed,MIA
WR,Jordan Westerkamp (9385643),Jordan Westerkamp,9385643,3000,Postponed,MIA
WR,Derel Walker (9385669),Derel Walker,9385669,3000,Postponed,TB
RB,Russell Hansbrough (9385693),Russell Hansbrough,9385693,3000,Postponed,TB
WR,Malcolm Lewis (9385749),Malcolm Lewis,9385749,3000,Postponed,MIA
RB,Quayvon Hicks (9385831),Quayvon Hicks,9385831,3000,Postponed,TB
WR,Leonte Carroo (9385872),Leonte Carroo,9385872,3000,Postponed,MIA
TE,O.J. Howard (9385975),O.J. Howard,9385975,3000,Postponed,TB
WR,Francis Owusu (9386008),Francis Owusu,9386008,3000,Postponed,MIA
RB,De'Veon Smith (9386016),De'Veon Smith,9386016,3000,Postponed,MIA
WR,Bobo Wilson (9386037),Bobo Wilson,9386037,3000,Postponed,TB
WR,Drew Morgan (9386063),Drew Morgan,9386063,3000,Postponed,MIA
RB,Peyton Barber (9386065),Peyton Barber,9386065,3000,Postponed,TB
WR,Chris Godwin (9386243),Chris Godwin,9386243,3000,Postponed,TB
WR,Isaiah Ford (9386253),Isaiah Ford,9386253,3000,Postponed,MIA
WR,Donteea Dye (9386288),Donteea Dye,9386288,3000,Postponed,TB
WR,Harry Douglas (9384672),Harry Douglas,9384672,3000,OAK@TEN 01:00PM ET,TEN
WR,Eric Weems (9384678),Eric Weems,9384678,3000,OAK@TEN 01:00PM ET,TEN
RB,Jalston Fowler (9385160),Jalston Fowler,9385160,3000,OAK@TEN 01:00PM ET,TEN
WR,Jonathan Krause (9385227),Jonathan Krause,9385227,3000,OAK@TEN 01:00PM ET,TEN
RB,David Fluellen (9385286),David Fluellen,9385286,3000,OAK@TEN 01:00PM ET,TEN
RB,Jamize Olawale (9385290),Jamize Olawale,9385290,3000,OAK@TEN 01:00PM ET,OAK
WR,K.J. Brent (9385442),K.J. Brent,9385442,3000,OAK@TEN 01:00PM ET,OAK
WR,Darius Jennings (9385476),Darius Jennings,9385476,3000,OAK@TEN 01:00PM ET,TEN
RB,George Atkinson III (9385578),George Atkinson III,9385578,3000,OAK@TEN 01:00PM ET,OAK
WR,KeVonn Mabon (9385650),KeVonn Mabon,9385650,3000,OAK@TEN 01:00PM ET,TEN
WR,Cordarrelle Patterson (9385699),Cordarrelle Patterson,9385699,3000,OAK@TEN 01:00PM ET,OAK
RB,Brandon Radcliff (9385766),Brandon Radcliff,9385766,3000,OAK@TEN 01:00PM ET,TEN
WR,Keon Hatcher (9385796),Keon Hatcher,9385796,3000,OAK@TEN 01:00PM ET,OAK
WR,Mekale McKay (9385798),Mekale McKay,9385798,3000,OAK@TEN 01:00PM ET,TEN
RB,Joe Bacci (9385818),Joe Bacci,9385818,3000,OAK@TEN 01:00PM ET,TEN
WR,Jaydon Mickens (9385841),Jaydon Mickens,9385841,3000,OAK@TEN 01:00PM ET,OAK
RB,John Crockett (9385918),John Crockett,9385918,3000,OAK@TEN 01:00PM ET,OAK
RB,Khalfani Muhammad (9386087),Khalfani Muhammad,9386087,3000,OAK@TEN 01:00PM ET,TEN
WR,Johnny Holton (9386120),Johnny Holton,9386120,3000,OAK@TEN 01:00PM ET,OAK
WR,Giovanni Pascascio (9386232),Giovanni Pascascio,9386232,3000,OAK@TEN 01:00PM ET,TEN
RB,Akeem Judd (9386259),Akeem Judd,9386259,3000,OAK@TEN 01:00PM ET,TEN
WR,Ishmael Zamora (9386263),Ishmael Zamora,9386263,3000,OAK@TEN 01:00PM ET,OAK
WR,Isaac Whitney (9386274),Isaac Whitney,9386274,3000,OAK@TEN 01:00PM ET,OAK
DST,Redskins  (9384626),Redskins ,9384626,3000,PHI@WAS 01:00PM ET,WAS
TE,Vernon Davis (9384653),Vernon Davis,9384653,3000,PHI@WAS 01:00PM ET,WAS
RB,Mack Brown (9385255),Mack Brown,9385255,3000,PHI@WAS 01:00PM ET,WAS
RB,Kenny Hilliard (9385322),Kenny Hilliard,9385322,3000,PHI@WAS 01:00PM ET,WAS
WR,Paul Turner (9385330),Paul Turner,9385330,3000,PHI@WAS 01:00PM ET,PHI
WR,Kendal Thompson (9385353),Kendal Thompson,9385353,3000,PHI@WAS 01:00PM ET,WAS
WR,David Watford (9385390),David Watford,9385390,3000,PHI@WAS 01:00PM ET,PHI
WR,Maurice Harris (9385527),Maurice Harris,9385527,3000,PHI@WAS 01:00PM ET,WAS
WR,Levern Jacobs (9385628),Levern Jacobs,9385628,3000,PHI@WAS 01:00PM ET,WAS
WR,Zach Pascal (9385675),Zach Pascal,9385675,3000,PHI@WAS 01:00PM ET,WAS
RB,Byron Marshall (9385689),Byron Marshall,9385689,3000,PHI@WAS 01:00PM ET,PHI
WR,Bryce Treggs (9385711),Bryce Treggs,9385711,3000,PHI@WAS 01:00PM ET,PHI
WR,Marcus Johnson (9385734),Marcus Johnson,9385734,3000,PHI@WAS 01:00PM ET,PHI
WR,Mack Hollins (9385900),Mack Hollins,9385900,3000,PHI@WAS 01:00PM ET,PHI
WR,Shelton Gibson (9386010),Shelton Gibson,9386010,3000,PHI@WAS 01:00PM ET,PHI
WR,Greg Ward Jr. (9386021),Greg Ward Jr.,9386021,3000,PHI@WAS 01:00PM ET,PHI
WR,James Quick (9386031),James Quick,9386031,3000,PHI@WAS 01:00PM ET,WAS
RB,Corey Clement (9386049),Corey Clement,9386049,3000,PHI@WAS 01:00PM ET,PHI
WR,Robert Davis (9386057),Robert Davis,9386057,3000,PHI@WAS 01:00PM ET,WAS
WR,Rashard Davis (9386143),Rashard Davis,9386143,3000,PHI@WAS 01:00PM ET,PHI
WR,Jamari Staples (9386153),Jamari Staples,9386153,3000,PHI@WAS 01:00PM ET,WAS
RB,Lance Dunbar (9385003),Lance Dunbar,9385003,3000,IND@LAR 04:05PM ET,LAR
RB,Christine Michael (9385091),Christine Michael,9385091,3000,IND@LAR 04:05PM ET,IND
WR,Matt Hazel (9385261),Matt Hazel,9385261,3000,IND@LAR 04:05PM ET,IND
RB,Aaron Green (9385339),Aaron Green,9385339,3000,IND@LAR 04:05PM ET,LAR
WR,Quan Bray (9385364),Quan Bray,9385364,3000,IND@LAR 04:05PM ET,IND
WR,Chris Briggs (9385425),Chris Briggs,9385425,3000,IND@LAR 04:05PM ET,IND
RB,Josh Ferguson (9385478),Josh Ferguson,9385478,3000,IND@LAR 04:05PM ET,IND
WR,Valdez Showers (9385505),Valdez Showers,9385505,3000,IND@LAR 04:05PM ET,IND
WR,Nelson Spruce (9385533),Nelson Spruce,9385533,3000,IND@LAR 04:05PM ET,LAR
RB,Daryl Richardson (9385605),Daryl Richardson,9385605,3000,IND@LAR 04:05PM ET,IND
RB,Dalton Crossan (9385673),Dalton Crossan,9385673,3000,IND@LAR 04:05PM ET,IND
WR,Fred Brown (9385683),Fred Brown,9385683,3000,IND@LAR 04:05PM ET,IND
WR,Marvin Bracy (9385742),Marvin Bracy,9385742,3000,IND@LAR 04:05PM ET,IND
WR,Tevaun Smith (9385760),Tevaun Smith,9385760,3000,IND@LAR 04:05PM ET,IND
WR,Paul McRoberts (9385764),Paul McRoberts,9385764,3000,IND@LAR 04:05PM ET,LAR
WR,Brandon Shippen (9385774),Brandon Shippen,9385774,3000,IND@LAR 04:05PM ET,LAR
WR,JoJo Natson Jr. (9385788),JoJo Natson Jr.,9385788,3000,IND@LAR 04:05PM ET,IND
RB,Matt Jones (9385825),Matt Jones,9385825,3000,IND@LAR 04:05PM ET,IND
RB,Lenard Tillery (9385892),Lenard Tillery,9385892,3000,IND@LAR 04:05PM ET,LAR
RB,Troymaine Pope (9385894),Troymaine Pope,9385894,3000,IND@LAR 04:05PM ET,IND
WR,Chester Rogers (9385904),Chester Rogers,9385904,3000,IND@LAR 04:05PM ET,IND
RB,Justin Davis (9385931),Justin Davis,9385931,3000,IND@LAR 04:05PM ET,LAR
WR,Bug Howard (9385945),Bug Howard,9385945,3000,IND@LAR 04:05PM ET,IND
RB,Sam Rogers (9386047),Sam Rogers,9386047,3000,IND@LAR 04:05PM ET,LAR
RB,De'Mard Llorens (9386089),De'Mard Llorens,9386089,3000,IND@LAR 04:05PM ET,IND
WR,Shakeir Ryan (9386091),Shakeir Ryan,9386091,3000,IND@LAR 04:05PM ET,LAR
WR,Brian Riley (9386163),Brian Riley,9386163,3000,IND@LAR 04:05PM ET,IND
WR,Justice Liggins (9386165),Justice Liggins,9386165,3000,IND@LAR 04:05PM ET,IND
WR,Josh Reynolds (9386213),Josh Reynolds,9386213,3000,IND@LAR 04:05PM ET,LAR
WR,Michael Thomas (9386241),Michael Thomas,9386241,3000,IND@LAR 04:05PM ET,LAR
WR,Harvey Binford (9386255),Harvey Binford,9386255,3000,IND@LAR 04:05PM ET,IND
WR,K.D. Cannon (9386261),K.D. Cannon,9386261,3000,IND@LAR 04:05PM ET,LAR
RB,Marcel Reece (9384772),Marcel Reece,9384772,3000,SEA@GB 04:25PM ET,SEA
WR,Rodney Smith (9385087),Rodney Smith,9385087,3000,SEA@GB 04:25PM ET,SEA
WR,Jamel Johnson (9385181),Jamel Johnson,9385181,3000,SEA@GB 04:25PM ET,SEA
RB,Tre Madden (9385401),Tre Madden,9385401,3000,SEA@GB 04:25PM ET,SEA
WR,Tanner McEvoy (9385448),Tanner McEvoy,9385448,3000,SEA@GB 04:25PM ET,SEA
RB,Aaron Ripkowski (9385454),Aaron Ripkowski,9385454,3000,SEA@GB 04:25PM ET,GB
RB,Joe Kerridge (9385482),Joe Kerridge,9385482,3000,SEA@GB 04:25PM ET,GB
RB,J.D. McKissic (9385552),J.D. McKissic,9385552,3000,SEA@GB 04:25PM ET,SEA
WR,Trevor Davis (9385601),Trevor Davis,9385601,3000,SEA@GB 04:25PM ET,GB
WR,Kenny Lawler Jr. (9385707),Kenny Lawler Jr.,9385707,3000,SEA@GB 04:25PM ET,SEA
WR,Darreus Rogers (9385725),Darreus Rogers,9385725,3000,SEA@GB 04:25PM ET,SEA
WR,Max McCaffrey (9385738),Max McCaffrey,9385738,3000,SEA@GB 04:25PM ET,GB
RB,Mike Davis (9385810),Mike Davis,9385810,3000,SEA@GB 04:25PM ET,SEA
WR,Amara Darboh (9385862),Amara Darboh,9385862,3000,SEA@GB 04:25PM ET,SEA
WR,Montay Crockett (9385876),Montay Crockett,9385876,3000,SEA@GB 04:25PM ET,GB
RB,Alex Collins (9386059),Alex Collins,9386059,3000,SEA@GB 04:25PM ET,SEA
RB,William Stanback (9386079),William Stanback,9386079,3000,SEA@GB 04:25PM ET,GB
WR,DeAngelo Yancey (9386118),DeAngelo Yancey,9386118,3000,SEA@GB 04:25PM ET,GB
WR,Colby Pearson (9386149),Colby Pearson,9386149,3000,SEA@GB 04:25PM ET,GB
RB,Kalif Phillips (9386183),Kalif Phillips,9386183,3000,SEA@GB 04:25PM ET,GB
WR,Geronimo Allison (9386205),Geronimo Allison,9386205,3000,SEA@GB 04:25PM ET,GB
WR,Malachi Dupre (9386209),Malachi Dupre,9386209,3000,SEA@GB 04:25PM ET,GB
RB,Chris Carson (9386296),Chris Carson,9386296,3000,SEA@GB 04:25PM ET,SEA
WR,Michael Clark (9386300),Michael Clark,9386300,3000,SEA@GB 04:25PM ET,GB
WR,Cyril Grayson (9386322),Cyril Grayson,9386322,3000,SEA@GB 04:25PM ET,SEA
WR,David Moore (9386328),David Moore,9386328,3000,SEA@GB 04:25PM ET,SEA
RB,Darrel Young (9384730),Darrel Young,9384730,3000,CAR@SF 04:25PM ET,CAR
WR,Louis Murphy (9384738),Louis Murphy,9384738,3000,CAR@SF 04:25PM ET,SF
WR,Brenton Bersin (9384946),Brenton Bersin,9384946,3000,CAR@SF 04:25PM ET,CAR
WR,Trevor Graham (9384968),Trevor Graham,9384968,3000,CAR@SF 04:25PM ET,CAR
RB,Kyle Juszczyk (9385041),Kyle Juszczyk,9385041,3000,CAR@SF 04:25PM ET,SF
RB,Kapri Bibbs (9385343),Kapri Bibbs,9385343,3000,CAR@SF 04:25PM ET,SF
WR,Damiere Byrd (9385444),Damiere Byrd,9385444,3000,CAR@SF 04:25PM ET,CAR
RB,Raheem Mostert (9385489),Raheem Mostert,9385489,3000,CAR@SF 04:25PM ET,SF
WR,Keyarris Garrett (9385509),Keyarris Garrett,9385509,3000,CAR@SF 04:25PM ET,CAR
RB,Jalen Simmons (9385558),Jalen Simmons,9385558,3000,CAR@SF 04:25PM ET,CAR
WR,DeAndre Carter (9385592),DeAndre Carter,9385592,3000,CAR@SF 04:25PM ET,SF
WR,Mose Frazier (9385599),Mose Frazier,9385599,3000,CAR@SF 04:25PM ET,CAR
WR,Aaron Burbridge (9385866),Aaron Burbridge,9385866,3000,CAR@SF 04:25PM ET,SF
RB,Cameron Artis-Payne (9385926),Cameron Artis-Payne,9385926,3000,CAR@SF 04:25PM ET,CAR
WR,Trent Taylor (9386000),Trent Taylor,9386000,3000,CAR@SF 04:25PM ET,SF
RB,Tyler McCloskey (9386029),Tyler McCloskey,9386029,3000,CAR@SF 04:25PM ET,SF
WR,Fred Ross Jr. (9386033),Fred Ross Jr.,9386033,3000,CAR@SF 04:25PM ET,CAR
WR,DeAndre Smelter (9386112),DeAndre Smelter,9386112,3000,CAR@SF 04:25PM ET,SF
WR,Austin Duke (9386129),Austin Duke,9386129,3000,CAR@SF 04:25PM ET,CAR
WR,Victor Bolden Jr. (9386133),Victor Bolden Jr.,9386133,3000,CAR@SF 04:25PM ET,SF
RB,Matt Breida (9386141),Matt Breida,9386141,3000,CAR@SF 04:25PM ET,SF
WR,Kendrick Bourne (9386173),Kendrick Bourne,9386173,3000,CAR@SF 04:25PM ET,SF
WR,Tim Patrick (9386265),Tim Patrick,9386265,3000,CAR@SF 04:25PM ET,SF
RB,Alex Armah (9386326),Alex Armah,9386326,3000,CAR@SF 04:25PM ET,CAR
RB,Rashad Jennings (9384713),Rashad Jennings,9384713,3000,NYG@DAL 08:30PM ET,NYG
RB,Shaun Draughn (9384767),Shaun Draughn,9384767,3000,NYG@DAL 08:30PM ET,NYG
WR,Dwayne Harris (9384774),Dwayne Harris,9384774,3000,NYG@DAL 08:30PM ET,NYG
WR,Brice Butler (9384931),Brice Butler,9384931,3000,NYG@DAL 08:30PM ET,DAL
WR,Kevin Norwood (9385077),Kevin Norwood,9385077,3000,NYG@DAL 08:30PM ET,NYG
WR,Uzoma Nwachukwu (9385093),Uzoma Nwachukwu,9385093,3000,NYG@DAL 08:30PM ET,DAL
RB,Ronnie Hillman (9385114),Ronnie Hillman,9385114,3000,NYG@DAL 08:30PM ET,DAL
WR,Javontee Herndon (9385225),Javontee Herndon,9385225,3000,NYG@DAL 08:30PM ET,DAL
RB,Keith Smith (9385284),Keith Smith,9385284,3000,NYG@DAL 08:30PM ET,DAL
RB,Jacob Huesman (9385576),Jacob Huesman,9385576,3000,NYG@DAL 08:30PM ET,NYG
WR,Darius Powe (9385709),Darius Powe,9385709,3000,NYG@DAL 08:30PM ET,NYG
WR,Marquis Bundy (9385782),Marquis Bundy,9385782,3000,NYG@DAL 08:30PM ET,NYG
RB,Shane Smith (9385786),Shane Smith,9385786,3000,NYG@DAL 08:30PM ET,NYG
WR,Canaan Severin (9385806),Canaan Severin,9385806,3000,NYG@DAL 08:30PM ET,NYG
WR,Ed Eagan (9385886),Ed Eagan,9385886,3000,NYG@DAL 08:30PM ET,NYG
WR,Ryan Switzer (9385949),Ryan Switzer,9385949,3000,NYG@DAL 08:30PM ET,DAL
WR,Jerome Lane (9386055),Jerome Lane,9386055,3000,NYG@DAL 08:30PM ET,NYG
WR,Keeon Johnson (9386073),Keeon Johnson,9386073,3000,NYG@DAL 08:30PM ET,NYG
WR,Lance Lenoir (9386104),Lance Lenoir,9386104,3000,NYG@DAL 08:30PM ET,DAL
WR,Karel Hamilton (9386107),Karel Hamilton,9386107,3000,NYG@DAL 08:30PM ET,DAL
RB,Khalid Abdullah (9386145),Khalid Abdullah,9386145,3000,NYG@DAL 08:30PM ET,NYG
WR,Brian Brown (9386159),Brian Brown,9386159,3000,NYG@DAL 08:30PM ET,DAL
WR,Travis Rudolph (9386239),Travis Rudolph,9386239,3000,NYG@DAL 08:30PM ET,NYG
WR,Noah Brown (9386251),Noah Brown,9386251,3000,NYG@DAL 08:30PM ET,DAL
WR,C.J. Germany (9386304),C.J. Germany,9386304,3000,NYG@DAL 08:30PM ET,NYG
WR,Kevin Snead (9386336),Kevin Snead,9386336,3000,NYG@DAL 08:30PM ET,NYG
RB,Brandon Brown-Dukes (9386340),Brandon Brown-Dukes,9386340,3000,NYG@DAL 08:30PM ET,DAL
RB,John Kuhn (9384722),John Kuhn,9384722,3000,NO@MIN 07:10PM ET,NO
RB,Travaris Cadet (9384872),Travaris Cadet,9384872,3000,NO@MIN 07:10PM ET,NO
WR,Michael Floyd (9384919),Michael Floyd,9384919,3000,NO@MIN 07:10PM ET,MIN
RB,Zach Line (9384941),Zach Line,9384941,3000,NO@MIN 07:10PM ET,NO
WR,Jarius Wright (9384990),Jarius Wright,9384990,3000,NO@MIN 07:10PM ET,MIN
WR,Corey Fuller (9385276),Corey Fuller,9385276,3000,NO@MIN 07:10PM ET,NO
RB,Bronson Hill (9385429),Bronson Hill,9385429,3000,NO@MIN 07:10PM ET,MIN
RB,Daniel Lasco II (9385529),Daniel Lasco II,9385529,3000,NO@MIN 07:10PM ET,NO
WR,Tommylee Lewis (9385546),Tommylee Lewis,9385546,3000,NO@MIN 07:10PM ET,NO
WR,Travin Dural (9385624),Travin Dural,9385624,3000,NO@MIN 07:10PM ET,NO
WR,Isaac Fruechte (9385632),Isaac Fruechte,9385632,3000,NO@MIN 07:10PM ET,MIN
WR,Cayleb Jones (9385736),Cayleb Jones,9385736,3000,NO@MIN 07:10PM ET,MIN
RB,Trey Edmunds (9385753),Trey Edmunds,9385753,3000,NO@MIN 07:10PM ET,NO
RB,Terrell Newby (9385958),Terrell Newby,9385958,3000,NO@MIN 07:10PM ET,MIN
WR,Stacy Coley (9386012),Stacy Coley,9386012,3000,NO@MIN 07:10PM ET,MIN
WR,Rodney Adams (9386085),Rodney Adams,9386085,3000,NO@MIN 07:10PM ET,MIN
RB,Darius Victor (9386100),Darius Victor,9386100,3000,NO@MIN 07:10PM ET,NO
WR,R.J. Shelton (9386116),R.J. Shelton,9386116,3000,NO@MIN 07:10PM ET,MIN
WR,Jake Lampman (9386175),Jake Lampman,9386175,3000,NO@MIN 07:10PM ET,NO
WR,De'Quan Hampton (9386292),De'Quan Hampton,9386292,3000,NO@MIN 07:10PM ET,NO
WR,Moritz Bohringer (9386308),Moritz Bohringer,9386308,3000,NO@MIN 07:10PM ET,MIN
RB,C.J. Ham (9386318),C.J. Ham,9386318,3000,NO@MIN 07:10PM ET,MIN
WR,Dan Arnold (9386338),Dan Arnold,9386338,3000,NO@MIN 07:10PM ET,NO
DST,Chargers  (9384622),Chargers ,9384622,3000,LAC@DEN 10:20PM ET,LAC
TE,Antonio Gates (9384680),Antonio Gates,9384680,3000,LAC@DEN 10:20PM ET,LAC
RB,Stevan Ridley (9384823),Stevan Ridley,9384823,3000,LAC@DEN 10:20PM ET,DEN
RB,Kenjon Barner (9384927),Kenjon Barner,9384927,3000,LAC@DEN 10:20PM ET,LAC
WR,Bennie Fowler (9385097),Bennie Fowler,9385097,3000,LAC@DEN 10:20PM ET,DEN
WR,Marlon Brown (9385110),Marlon Brown,9385110,3000,LAC@DEN 10:20PM ET,DEN
WR,Jordan Taylor (9385187),Jordan Taylor,9385187,3000,LAC@DEN 10:20PM ET,DEN
RB,Andre Williams (9385201),Andre Williams,9385201,3000,LAC@DEN 10:20PM ET,LAC
RB,Juwan Thompson (9385239),Juwan Thompson,9385239,3000,LAC@DEN 10:20PM ET,DEN
WR,Da'Ron Brown (9385271),Da'Ron Brown,9385271,3000,LAC@DEN 10:20PM ET,LAC
WR,Geremy Davis (9385280),Geremy Davis,9385280,3000,LAC@DEN 10:20PM ET,LAC
WR,Isaiah Burse (9385303),Isaiah Burse,9385303,3000,LAC@DEN 10:20PM ET,LAC
RB,Derek Watt (9385495),Derek Watt,9385495,3000,LAC@DEN 10:20PM ET,LAC
WR,Jamaal Jones (9385540),Jamaal Jones,9385540,3000,LAC@DEN 10:20PM ET,LAC
WR,Cody Latimer (9385562),Cody Latimer,9385562,3000,LAC@DEN 10:20PM ET,DEN
RB,Kenneth Farrow (9385570),Kenneth Farrow,9385570,3000,LAC@DEN 10:20PM ET,LAC
RB,Andy Janovich (9385637),Andy Janovich,9385637,3000,LAC@DEN 10:20PM ET,DEN
WR,Anthony Nash (9385740),Anthony Nash,9385740,3000,LAC@DEN 10:20PM ET,DEN
WR,Cameron Posey (9385770),Cameron Posey,9385770,3000,LAC@DEN 10:20PM ET,LAC
WR,Mitchell Paige (9385859),Mitchell Paige,9385859,3000,LAC@DEN 10:20PM ET,LAC
WR,Carlos Henderson (9385998),Carlos Henderson,9385998,3000,LAC@DEN 10:20PM ET,DEN
WR,Andre Patton (9386077),Andre Patton,9386077,3000,LAC@DEN 10:20PM ET,LAC
RB,Austin Ekeler (9386190),Austin Ekeler,9386190,3000,LAC@DEN 10:20PM ET,LAC
WR,Isaiah McKenzie (9386217),Isaiah McKenzie,9386217,3000,LAC@DEN 10:20PM ET,DEN
WR,Artavis Scott (9386228),Artavis Scott,9386228,3000,LAC@DEN 10:20PM ET,LAC
WR,Hunter Sharp (9386237),Hunter Sharp,9386237,3000,LAC@DEN 10:20PM ET,DEN
RB,Stanley Williams (9386245),Stanley Williams,9386245,3000,LAC@DEN 10:20PM ET,DEN
TE,Julius Thomas (9385185),Julius Thomas,9385185,2900,Postponed,MIA
DST,Seahawks  (9384624),Seahawks ,9384624,2900,SEA@GB 04:25PM ET,SEA
DST,Cowboys  (9384606),Cowboys ,9384606,2900,NYG@DAL 08:30PM ET,DAL
TE,Evan Engram (9386127),Evan Engram,9386127,2900,NYG@DAL 08:30PM ET,NYG
DST,Vikings  (9384615),Vikings ,9384615,2900,NO@MIN 07:10PM ET,MIN
TE,Coby Fleener (9384858),Coby Fleener,9384858,2900,NO@MIN 07:10PM ET,NO
TE,Zach Miller (9384682),Zach Miller,9384682,2800,ATL@CHI 01:00PM ET,CHI
DST,Ravens  (9384629),Ravens ,9384629,2800,BAL@CIN 01:00PM ET,BAL
TE,Benjamin Watson (9384689),Benjamin Watson,9384689,2800,BAL@CIN 01:00PM ET,BAL
TE,Vance McDonald (9385021),Vance McDonald,9385021,2800,PIT@CLE 01:00PM ET,PIT
DST,Cardinals  (9384620),Cardinals ,9384620,2800,ARI@DET 01:00PM ET,ARI
DST,Dolphins  (9384614),Dolphins ,9384614,2800,Postponed,MIA
TE,Austin Seferian-Jenkins (9385370),Austin Seferian-Jenkins,9385370,2700,NYJ@BUF 01:00PM ET,NYJ
TE,David Njoku (9386235),David Njoku,9386235,2700,PIT@CLE 01:00PM ET,CLE
TE,Jermaine Gresham (9384790),Jermaine Gresham,9384790,2700,ARI@DET 01:00PM ET,ARI
TE,Ryan Griffin (9384985),Ryan Griffin,9384985,2700,JAX@HOU 01:00PM ET,HOU
DST,Eagles  (9384619),Eagles ,9384619,2700,PHI@WAS 01:00PM ET,PHI
DST,Colts  (9384611),Colts ,9384611,2700,IND@LAR 04:05PM ET,IND
TE,Erik Swoope (9385183),Erik Swoope,9385183,2700,IND@LAR 04:05PM ET,IND
TE,Richard Rodgers (9385531),Richard Rodgers,9385531,2700,SEA@GB 04:25PM ET,GB
TE,Virgil Green (9384762),Virgil Green,9384762,2700,LAC@DEN 10:20PM ET,DEN
TE,Will Tye (9385203),Will Tye,9385203,2600,NYJ@BUF 01:00PM ET,NYJ
TE,Maxx Williams (9385639),Maxx Williams,9385639,2600,BAL@CIN 01:00PM ET,BAL
DST,Lions  (9384608),Lions ,9384608,2600,ARI@DET 01:00PM ET,DET
DST,Titans  (9384610),Titans ,9384610,2600,OAK@TEN 01:00PM ET,TEN
TE,Tyler Higbee (9385433),Tyler Higbee,9385433,2600,IND@LAR 04:05PM ET,LAR
TE,Garrett Celek (9384888),Garrett Celek,9384888,2600,CAR@SF 04:25PM ET,SF
DST,Giants  (9384617),Giants ,9384617,2600,NYG@DAL 08:30PM ET,NYG
TE,A.J. Derby (9385162),A.J. Derby,9385162,2600,LAC@DEN 10:20PM ET,DEN
TE,Jake Butt (9385954),Jake Butt,9385954,2600,LAC@DEN 10:20PM ET,DEN
TE,Chris Gragg (9384988),Chris Gragg,9384988,2500,NYJ@BUF 01:00PM ET,NYJ
TE,Logan Thomas (9385066),Logan Thomas,9385066,2500,NYJ@BUF 01:00PM ET,BUF
TE,Eric Tomlinson (9385219),Eric Tomlinson,9385219,2500,NYJ@BUF 01:00PM ET,NYJ
TE,Neal Sterling (9385221),Neal Sterling,9385221,2500,NYJ@BUF 01:00PM ET,NYJ
TE,Busta Anderson (9385440),Busta Anderson,9385440,2500,NYJ@BUF 01:00PM ET,BUF
TE,Nick O'Leary (9385466),Nick O'Leary,9385466,2500,NYJ@BUF 01:00PM ET,BUF
TE,Wes Saxton (9385654),Wes Saxton,9385654,2500,NYJ@BUF 01:00PM ET,BUF
TE,Jason Croom (9385695),Jason Croom,9385695,2500,NYJ@BUF 01:00PM ET,BUF
TE,Jordan Leggett (9385992),Jordan Leggett,9385992,2500,NYJ@BUF 01:00PM ET,NYJ
TE,Brandon Barnes (9386171),Brandon Barnes,9386171,2500,NYJ@BUF 01:00PM ET,NYJ
TE,Jason Vander Laan (9386177),Jason Vander Laan,9386177,2500,NYJ@BUF 01:00PM ET,NYJ
TE,Khari Lee (9386272),Khari Lee,9386272,2500,NYJ@BUF 01:00PM ET,BUF
TE,Jacob Tamme (9384668),Jacob Tamme,9384668,2500,ATL@CHI 01:00PM ET,ATL
TE,Andrew DePaola (9384753),Andrew DePaola,9384753,2500,ATL@CHI 01:00PM ET,CHI
TE,Patrick Scales (9384880),Patrick Scales,9384880,2500,ATL@CHI 01:00PM ET,CHI
TE,Levine Toilolo (9385052),Levine Toilolo,9385052,2500,ATL@CHI 01:00PM ET,ATL
TE,Dion Sims (9385099),Dion Sims,9385099,2500,ATL@CHI 01:00PM ET,CHI
TE,Alex Gray (9385124),Alex Gray,9385124,2500,ATL@CHI 01:00PM ET,ATL
TE,MyCole Pruitt (9385191),MyCole Pruitt,9385191,2500,ATL@CHI 01:00PM ET,CHI
TE,Daniel Brown (9385301),Daniel Brown,9385301,2500,ATL@CHI 01:00PM ET,CHI
TE,Joshua Perkins (9385542),Joshua Perkins,9385542,2500,ATL@CHI 01:00PM ET,ATL
TE,Darion Griswold (9385550),Darion Griswold,9385550,2500,ATL@CHI 01:00PM ET,ATL
TE,Ben Braunecker (9385679),Ben Braunecker,9385679,2500,ATL@CHI 01:00PM ET,CHI
TE,Eric Saubert (9385837),Eric Saubert,9385837,2500,ATL@CHI 01:00PM ET,ATL
TE,Adam Shaheen (9386324),Adam Shaheen,9386324,2500,ATL@CHI 01:00PM ET,CHI
TE,Clark Harris (9384657),Clark Harris,9384657,2500,BAL@CIN 01:00PM ET,CIN
TE,Larry Donnell (9384884),Larry Donnell,9384884,2500,BAL@CIN 01:00PM ET,BAL
TE,Ryan Hewitt (9385049),Ryan Hewitt,9385049,2500,BAL@CIN 01:00PM ET,CIN
TE,Tyler Kroft (9385356),Tyler Kroft,9385356,2500,BAL@CIN 01:00PM ET,CIN
TE,C.J. Uzomah (9385368),C.J. Uzomah,9385368,2500,BAL@CIN 01:00PM ET,CIN
TE,Ryan Malleck (9385407),Ryan Malleck,9385407,2500,BAL@CIN 01:00PM ET,BAL
TE,Nick Boyle (9385560),Nick Boyle,9385560,2500,BAL@CIN 01:00PM ET,BAL
TE,Mason Schreck (9385816),Mason Schreck,9385816,2500,BAL@CIN 01:00PM ET,CIN
TE,Cethan Carter (9385956),Cethan Carter,9385956,2500,BAL@CIN 01:00PM ET,CIN
TE,Gary Barnidge (9384718),Gary Barnidge,9384718,2500,PIT@CLE 01:00PM ET,CLE
TE,David Johnson (9384728),David Johnson,9384728,2500,PIT@CLE 01:00PM ET,PIT
TE,Ladarius Green (9385001),Ladarius Green,9385001,2500,PIT@CLE 01:00PM ET,PIT
TE,Xavier Grimble (9385233),Xavier Grimble,9385233,2500,PIT@CLE 01:00PM ET,PIT
TE,Randall Telfer (9385235),Randall Telfer,9385235,2500,PIT@CLE 01:00PM ET,CLE
TE,Jake McGee (9385241),Jake McGee,9385241,2500,PIT@CLE 01:00PM ET,PIT
TE,Seth DeValve (9385613),Seth DeValve,9385613,2500,PIT@CLE 01:00PM ET,CLE
TE,Taylor McNamara (9385630),Taylor McNamara,9385630,2500,PIT@CLE 01:00PM ET,CLE
TE,Nate Iese (9385715),Nate Iese,9385715,2500,PIT@CLE 01:00PM ET,CLE
TE,J.P. Holtz (9385772),J.P. Holtz,9385772,2500,PIT@CLE 01:00PM ET,CLE
TE,Phazahn Odom (9385776),Phazahn Odom,9385776,2500,PIT@CLE 01:00PM ET,PIT
TE,Darren Fells (9384701),Darren Fells,9384701,2500,ARI@DET 01:00PM ET,DET
TE,Ifeanyi Momah (9384849),Ifeanyi Momah,9384849,2500,ARI@DET 01:00PM ET,ARI
TE,Gerald Christian (9385145),Gerald Christian,9385145,2500,ARI@DET 01:00PM ET,ARI
TE,Troy Niklas (9385582),Troy Niklas,9385582,2500,ARI@DET 01:00PM ET,ARI
TE,Robert Tonyan (9385677),Robert Tonyan,9385677,2500,ARI@DET 01:00PM ET,DET
TE,Hakeem Valles (9385701),Hakeem Valles,9385701,2500,ARI@DET 01:00PM ET,ARI
TE,Cole Wick (9385920),Cole Wick,9385920,2500,ARI@DET 01:00PM ET,DET
TE,Scott Orndoff (9385988),Scott Orndoff,9385988,2500,ARI@DET 01:00PM ET,DET
TE,Ricky Seals-Jones (9386067),Ricky Seals-Jones,9386067,2500,ARI@DET 01:00PM ET,ARI
TE,Michael Roberts (9386137),Michael Roberts,9386137,2500,ARI@DET 01:00PM ET,DET
TE,Marcedes Lewis (9384650),Marcedes Lewis,9384650,2500,JAX@HOU 01:00PM ET,JAX
TE,Mychal Rivera (9384929),Mychal Rivera,9384929,2500,JAX@HOU 01:00PM ET,JAX
TE,RaShaun Allen (9385308),RaShaun Allen,9385308,2500,JAX@HOU 01:00PM ET,HOU
TE,Alex Ellis (9385513),Alex Ellis,9385513,2500,JAX@HOU 01:00PM ET,JAX
TE,Stephen Anderson (9385525),Stephen Anderson,9385525,2500,JAX@HOU 01:00PM ET,HOU
TE,Ben Koyack (9385580),Ben Koyack,9385580,2500,JAX@HOU 01:00PM ET,JAX
TE,Evan Baylis (9385685),Evan Baylis,9385685,2500,JAX@HOU 01:00PM ET,HOU
TE,Caleb Bluiett (9385732),Caleb Bluiett,9385732,2500,JAX@HOU 01:00PM ET,JAX
TE,David Grinnage (9385751),David Grinnage,9385751,2500,JAX@HOU 01:00PM ET,JAX
TE,Anthony Fasano (9384662),Anthony Fasano,9384662,2500,Postponed,MIA
TE,Luke Stocker (9384801),Luke Stocker,9384801,2500,Postponed,TB
TE,Chris Pantale (9384956),Chris Pantale,9384956,2500,Postponed,MIA
TE,MarQueis Gray (9384976),MarQueis Gray,9384976,2500,Postponed,MIA
TE,Tevin Westbrook (9385507),Tevin Westbrook,9385507,2500,Postponed,TB
TE,Alan Cross (9385597),Alan Cross,9385597,2500,Postponed,TB
TE,Thomas Duarte (9386071),Thomas Duarte,9386071,2500,Postponed,MIA
TE,Antony Auclair (9386330),Antony Auclair,9386330,2500,Postponed,TB
DST,Raiders  (9384612),Raiders ,9384612,2500,OAK@TEN 01:00PM ET,OAK
TE,Lee Smith (9384799),Lee Smith,9384799,2500,OAK@TEN 01:00PM ET,OAK
TE,Beau Brinkley (9384962),Beau Brinkley,9384962,2500,OAK@TEN 01:00PM ET,TEN
TE,Gabe Holmes (9385059),Gabe Holmes,9385059,2500,OAK@TEN 01:00PM ET,OAK
TE,Jerome Cunningham (9385119),Jerome Cunningham,9385119,2500,OAK@TEN 01:00PM ET,TEN
TE,Cooper Helfet (9385134),Cooper Helfet,9385134,2500,OAK@TEN 01:00PM ET,OAK
TE,Clive Walford (9385205),Clive Walford,9385205,2500,OAK@TEN 01:00PM ET,OAK
TE,Jace Amaro (9385456),Jace Amaro,9385456,2500,OAK@TEN 01:00PM ET,TEN
TE,Tim Semisch (9385548),Tim Semisch,9385548,2500,OAK@TEN 01:00PM ET,TEN
TE,Phillip Supernaw (9385608),Phillip Supernaw,9385608,2500,OAK@TEN 01:00PM ET,TEN
TE,Ryan O'Malley (9385681),Ryan O'Malley,9385681,2500,OAK@TEN 01:00PM ET,OAK
TE,Pharaoh Brown (9385687),Pharaoh Brown,9385687,2500,OAK@TEN 01:00PM ET,OAK
TE,Jonnu Smith (9386051),Jonnu Smith,9386051,2500,OAK@TEN 01:00PM ET,TEN
TE,Brent Celek (9384674),Brent Celek,9384674,2500,PHI@WAS 01:00PM ET,PHI
TE,Niles Paul (9384895),Niles Paul,9384895,2500,PHI@WAS 01:00PM ET,WAS
TE,Trey Burton (9385143),Trey Burton,9385143,2500,PHI@WAS 01:00PM ET,PHI
TE,Manasseh Garner (9385243),Manasseh Garner,9385243,2500,PHI@WAS 01:00PM ET,WAS
TE,Anthony Denham (9385351),Anthony Denham,9385351,2500,PHI@WAS 01:00PM ET,PHI
TE,Jeremy Sprinkle (9385800),Jeremy Sprinkle,9385800,2500,PHI@WAS 01:00PM ET,WAS
TE,E.J. Bibbs (9385981),E.J. Bibbs,9385981,2500,PHI@WAS 01:00PM ET,WAS
TE,Adam Zaruba (9386320),Adam Zaruba,9386320,2500,PHI@WAS 01:00PM ET,PHI
TE,Billy Brown (9386334),Billy Brown,9386334,2500,PHI@WAS 01:00PM ET,PHI
TE,Cory Harkey (9384952),Cory Harkey,9384952,2500,IND@LAR 04:05PM ET,LAR
TE,Brandon Williams (9385128),Brandon Williams,9385128,2500,IND@LAR 04:05PM ET,IND
TE,Temarrick Hemingway (9385556),Temarrick Hemingway,9385556,2500,IND@LAR 04:05PM ET,LAR
TE,Henry Krieger-Coble (9385584),Henry Krieger-Coble,9385584,2500,IND@LAR 04:05PM ET,IND
TE,Travis Wilson (9385645),Travis Wilson,9385645,2500,IND@LAR 04:05PM ET,LAR
TE,Derek Carrier (9385671),Derek Carrier,9385671,2500,IND@LAR 04:05PM ET,LAR
TE,Johnny Mundt (9386014),Johnny Mundt,9386014,2500,IND@LAR 04:05PM ET,LAR
TE,Darrell Daniels (9386094),Darrell Daniels,9386094,2500,IND@LAR 04:05PM ET,IND
TE,Gerald Everett (9386267),Gerald Everett,9386267,2500,IND@LAR 04:05PM ET,LAR
TE,Steven Wroblewski (9386290),Steven Wroblewski,9386290,2500,IND@LAR 04:05PM ET,IND
DST,Packers  (9384609),Packers ,9384609,2500,SEA@GB 04:25PM ET,GB
TE,Lance Kendricks (9384782),Lance Kendricks,9384782,2500,SEA@GB 04:25PM ET,GB
TE,Luke Willson (9384994),Luke Willson,9384994,2500,SEA@GB 04:25PM ET,SEA
TE,Tyler Ott (9385195),Tyler Ott,9385195,2500,SEA@GB 04:25PM ET,SEA
TE,Marcus Lucas (9385197),Marcus Lucas,9385197,2500,SEA@GB 04:25PM ET,SEA
TE,Nick Vannett (9385485),Nick Vannett,9385485,2500,SEA@GB 04:25PM ET,SEA
TE,Stevie Donatell (9385755),Stevie Donatell,9385755,2500,SEA@GB 04:25PM ET,SEA
TE,Aaron Peck (9385780),Aaron Peck,9385780,2500,SEA@GB 04:25PM ET,GB
TE,Tyrone Swoopes (9385935),Tyrone Swoopes,9385935,2500,SEA@GB 04:25PM ET,SEA
TE,Beau Sandland (9385943),Beau Sandland,9385943,2500,SEA@GB 04:25PM ET,GB
TE,Emanuel Byrd (9386282),Emanuel Byrd,9386282,2500,SEA@GB 04:25PM ET,GB
TE,Ed Dickson (9384734),Ed Dickson,9384734,2500,CAR@SF 04:25PM ET,CAR
TE,Logan Paulsen (9384747),Logan Paulsen,9384747,2500,CAR@SF 04:25PM ET,SF
TE,Kyle Nelson (9384778),Kyle Nelson,9384778,2500,CAR@SF 04:25PM ET,SF
TE,Eric Wallace (9384845),Eric Wallace,9384845,2500,CAR@SF 04:25PM ET,CAR
TE,Chris Manhertz (9385310),Chris Manhertz,9385310,2500,CAR@SF 04:25PM ET,CAR
TE,Scott Simonson (9385316),Scott Simonson,9385316,2500,CAR@SF 04:25PM ET,CAR
TE,Bryce Williams (9385572),Bryce Williams,9385572,2500,CAR@SF 04:25PM ET,CAR
TE,Cole Hikutini (9385888),Cole Hikutini,9385888,2500,CAR@SF 04:25PM ET,SF
TE,George Kittle (9385986),George Kittle,9385986,2500,CAR@SF 04:25PM ET,SF
TE,Rhett Ellison (9384847),Rhett Ellison,9384847,2500,NYG@DAL 08:30PM ET,NYG
TE,James Hanna (9384903),James Hanna,9384903,2500,NYG@DAL 08:30PM ET,DAL
TE,Connor Hamlett (9385293),Connor Hamlett,9385293,2500,NYG@DAL 08:30PM ET,DAL
TE,M.J. McFarland (9385333),M.J. McFarland,9385333,2500,NYG@DAL 08:30PM ET,DAL
TE,Matt LaCosse (9385480),Matt LaCosse,9385480,2500,NYG@DAL 08:30PM ET,NYG
TE,Jerell Adams (9385808),Jerell Adams,9385808,2500,NYG@DAL 08:30PM ET,NYG
TE,Colin Thompson (9385827),Colin Thompson,9385827,2500,NYG@DAL 08:30PM ET,NYG
TE,Rico Gathers (9385874),Rico Gathers,9385874,2500,NYG@DAL 08:30PM ET,DAL
TE,Blake Jarwin (9385922),Blake Jarwin,9385922,2500,NYG@DAL 08:30PM ET,DAL
TE,Geoff Swaim (9385933),Geoff Swaim,9385933,2500,NYG@DAL 08:30PM ET,DAL
TE,John Phillips (9384765),John Phillips,9384765,2500,NO@MIN 07:10PM ET,NO
TE,Michael Hoomanawanui (9384794),Michael Hoomanawanui,9384794,2500,NO@MIN 07:10PM ET,NO
TE,Nick Truesdell (9384906),Nick Truesdell,9384906,2500,NO@MIN 07:10PM ET,MIN
TE,Kevin McDermott (9384970),Kevin McDermott,9384970,2500,NO@MIN 07:10PM ET,MIN
TE,Josh Hill (9385007),Josh Hill,9385007,2500,NO@MIN 07:10PM ET,NO
TE,Blake Bell (9385149),Blake Bell,9385149,2500,NO@MIN 07:10PM ET,MIN
TE,Kyle Carter (9385566),Kyle Carter,9385566,2500,NO@MIN 07:10PM ET,MIN
TE,David Morgan (9385590),David Morgan,9385590,2500,NO@MIN 07:10PM ET,MIN
TE,Josiah Price (9385868),Josiah Price,9385868,2500,NO@MIN 07:10PM ET,MIN
TE,Garrett Griffin (9385910),Garrett Griffin,9385910,2500,NO@MIN 07:10PM ET,NO
TE,Bucky Hodges (9386045),Bucky Hodges,9386045,2500,NO@MIN 07:10PM ET,MIN
TE,Braedon Bowman (9386221),Braedon Bowman,9386221,2500,NO@MIN 07:10PM ET,NO
TE,Jeff Cumberland (9384792),Jeff Cumberland,9384792,2500,LAC@DEN 10:20PM ET,LAC
TE,Sean McGrath (9384814),Sean McGrath,9384814,2500,LAC@DEN 10:20PM ET,LAC
TE,Jeff Heuerman (9385374),Jeff Heuerman,9385374,2500,LAC@DEN 10:20PM ET,DEN
TE,Austin Traylor (9385493),Austin Traylor,9385493,2500,LAC@DEN 10:20PM ET,DEN
TE,Steven Scheu (9385515),Steven Scheu,9385515,2500,LAC@DEN 10:20PM ET,DEN
TE,Matt Weiser (9385521),Matt Weiser,9385521,2500,LAC@DEN 10:20PM ET,LAC
TE,Sean Culkin (9385691),Sean Culkin,9385691,2500,LAC@DEN 10:20PM ET,LAC
TE,Mike Estes (9385896),Mike Estes,9385896,2500,LAC@DEN 10:20PM ET,LAC
DST,Jets  (9384618),Jets ,9384618,2400,NYJ@BUF 01:00PM ET,NYJ
DST,Saints  (9384616),Saints ,9384616,2400,NO@MIN 07:10PM ET,NO
DST,Bears  (9384603),Bears ,9384603,2200,ATL@CHI 01:00PM ET,CHI
DST,49ers  (9384623),49ers ,9384623,2100,CAR@SF 04:25PM ET,SF
DST,Browns  (9384605),Browns ,9384605,2000,PIT@CLE 01:00PM ET,CLE
