Position,Name + ID, Name, ID, Salary,GameInfo,TeamAbbrev 
RB,David Johnson (7852233),David Johnson,7852233,9500,Was@Ari 04:25PM ET,Ari
RB,Le'Veon Bell (7852224),Le'Veon Bell,7852224,9200,NYG@Pit 04:25PM ET,Pit
WR,Antonio Brown (7852363),Antonio Brown,7852363,9100,NYG@Pit 04:25PM ET,Pit
WR,Julio Jones (7852259),Julio Jones,7852259,8700,KC@Atl 01:00PM ET,Atl
WR,Mike Evans (7852390),Mike Evans,7852390,8600,TB@SD 04:25PM ET,TB
WR,Odell Beckham Jr. (7852366),Odell Beckham Jr.,7852366,8500,NYG@Pit 04:25PM ET,NYG
RB,LeSean McCoy (7852212),LeSean McCoy,7852212,7800,Buf@Oak 04:05PM ET,Buf
QB,Drew Brees (7852075),Drew Brees,7852075,7600,Det@NO 01:00PM ET,NO
QB,Tom Brady (7852080),Tom Brady,7852080,7500,LA@NE 01:00PM ET,NE
WR,A.J. Green (7852315),A.J. Green,7852315,7500,Phi@Cin 01:00PM ET,Cin
QB,Ben Roethlisberger (7852118),Ben Roethlisberger,7852118,7400,NYG@Pit 04:25PM ET,Pit
WR,Amari Cooper (7852357),Amari Cooper,7852357,7300,Buf@Oak 04:05PM ET,Oak
RB,Melvin Gordon (7852242),Melvin Gordon,7852242,7200,TB@SD 04:25PM ET,SD
WR,Larry Fitzgerald (7852371),Larry Fitzgerald,7852371,7100,Was@Ari 04:25PM ET,Ari
QB,Matthew Stafford (7852078),Matthew Stafford,7852078,7000,Det@NO 01:00PM ET,Det
WR,Jordy Nelson (7852302),Jordy Nelson,7852302,7000,Hou@GB 01:00PM ET,GB
WR,Michael Thomas (7852276),Michael Thomas,7852276,6900,Det@NO 01:00PM ET,NO
RB,Jordan Howard (7852208),Jordan Howard,7852208,6900,SF@Chi 01:00PM ET,Chi
QB,Matt Ryan (7852070),Matt Ryan,7852070,6800,KC@Atl 01:00PM ET,Atl
WR,Julian Edelman (7852280),Julian Edelman,7852280,6800,LA@NE 01:00PM ET,NE
QB,Aaron Rodgers (7852091),Aaron Rodgers,7852091,6700,Hou@GB 01:00PM ET,GB
RB,Jay Ajayi (7852194),Jay Ajayi,7852194,6700,Mia@Bal 01:00PM ET,Mia
WR,Doug Baldwin (7852395),Doug Baldwin,7852395,6700,Car@Sea 08:30PM ET,Sea
WR,Demaryius Thomas (7852292),Demaryius Thomas,7852292,6600,Den@Jax 01:00PM ET,Den
QB,Cam Newton (7852135),Cam Newton,7852135,6600,Car@Sea 08:30PM ET,Car
TE,Rob Gronkowski (7852421),Rob Gronkowski,7852421,6500,LA@NE 01:00PM ET,NE
QB,Derek Carr (7852114),Derek Carr,7852114,6500,Buf@Oak 04:05PM ET,Oak
QB,Philip Rivers (7852129),Philip Rivers,7852129,6500,TB@SD 04:25PM ET,SD
RB,Spencer Ware (7852141),Spencer Ware,7852141,6400,KC@Atl 01:00PM ET,KC
WR,Brandin Cooks (7852274),Brandin Cooks,7852274,6400,Det@NO 01:00PM ET,NO
QB,Kirk Cousins (7852126),Kirk Cousins,7852126,6400,Was@Ari 04:25PM ET,Was
TE,Jordan Reed (7852478),Jordan Reed,7852478,6400,Was@Ari 04:25PM ET,Was
WR,Davante Adams (7852308),Davante Adams,7852308,6300,Hou@GB 01:00PM ET,GB
QB,Russell Wilson (7852136),Russell Wilson,7852136,6300,Car@Sea 08:30PM ET,Sea
WR,Golden Tate (7852270),Golden Tate,7852270,6200,Det@NO 01:00PM ET,Det
QB,Jameis Winston (7852132),Jameis Winston,7852132,6200,TB@SD 04:25PM ET,TB
WR,Kelvin Benjamin (7852402),Kelvin Benjamin,7852402,6200,Car@Sea 08:30PM ET,Car
RB,Devonta Freeman (7852143),Devonta Freeman,7852143,6100,KC@Atl 01:00PM ET,Atl
QB,Colin Kaepernick (7852106),Colin Kaepernick,7852106,6100,SF@Chi 01:00PM ET,SF
WR,Tyrell Williams (7852393),Tyrell Williams,7852393,6100,TB@SD 04:25PM ET,SD
RB,Mark Ingram (7852150),Mark Ingram,7852150,6000,Det@NO 01:00PM ET,NO
WR,DeAndre Hopkins (7852305),DeAndre Hopkins,7852305,6000,Hou@GB 01:00PM ET,Hou
WR,Alshon Jeffery (7852340),Alshon Jeffery,7852340,6000,SF@Chi 01:00PM ET,Chi
WR,Michael Crabtree (7852349),Michael Crabtree,7852349,6000,Buf@Oak 04:05PM ET,Oak
QB,Carson Palmer (7852123),Carson Palmer,7852123,6000,Was@Ari 04:25PM ET,Ari
WR,Emmanuel Sanders (7852290),Emmanuel Sanders,7852290,5900,Den@Jax 01:00PM ET,Den
QB,Eli Manning (7852117),Eli Manning,7852117,5900,NYG@Pit 04:25PM ET,NYG
RB,Thomas Rawls (7852251),Thomas Rawls,7852251,5900,Car@Sea 08:30PM ET,Sea
RB,Theo Riddick (7852151),Theo Riddick,7852151,5800,Det@NO 01:00PM ET,Det
WR,Allen Robinson (7852301),Allen Robinson,7852301,5800,Den@Jax 01:00PM ET,Jax
WR,Jamison Crowder (7852379),Jamison Crowder,7852379,5800,Was@Ari 04:25PM ET,Was
WR,Jordan Matthews (7852317),Jordan Matthews,7852317,5700,Phi@Cin 01:00PM ET,Phi
WR,Steve Smith Sr. (7852325),Steve Smith Sr.,7852325,5700,Mia@Bal 01:00PM ET,Bal
QB,Tyrod Taylor (7852111),Tyrod Taylor,7852111,5700,Buf@Oak 04:05PM ET,Buf
RB,DeAngelo Williams (7852219),DeAngelo Williams,7852219,5700,NYG@Pit 04:25PM ET,Pit
RB,Doug Martin (7852237),Doug Martin,7852237,5700,TB@SD 04:25PM ET,TB
RB,Lamar Miller (7852178),Lamar Miller,7852178,5600,Hou@GB 01:00PM ET,Hou
WR,DeVante Parker (7852331),DeVante Parker,7852331,5600,Mia@Bal 01:00PM ET,Mia
RB,LeGarrette Blount (7852160),LeGarrette Blount,7852160,5500,LA@NE 01:00PM ET,NE
QB,Ryan Tannehill (7852104),Ryan Tannehill,7852104,5500,Mia@Bal 01:00PM ET,Mia
WR,Sammy Watkins (7852356),Sammy Watkins,7852356,5500,Buf@Oak 04:05PM ET,Buf
TE,Jimmy Graham (7852491),Jimmy Graham,7852491,5500,Car@Sea 08:30PM ET,Sea
QB,Alex Smith (7852071),Alex Smith,7852071,5400,KC@Atl 01:00PM ET,KC
WR,Randall Cobb (7852303),Randall Cobb,7852303,5400,Hou@GB 01:00PM ET,GB
WR,Jarvis Landry (7852330),Jarvis Landry,7852330,5400,Mia@Bal 01:00PM ET,Mia
RB,Latavius Murray (7852213),Latavius Murray,7852213,5400,Buf@Oak 04:05PM ET,Oak
WR,Jeremy Maclin (7852257),Jeremy Maclin,7852257,5300,KC@Atl 01:00PM ET,KC
QB,Carson Wentz (7852100),Carson Wentz,7852100,5300,Phi@Cin 01:00PM ET,Phi
TE,Tyler Eifert (7852442),Tyler Eifert,7852442,5300,Phi@Cin 01:00PM ET,Cin
QB,Joe Flacco (7852102),Joe Flacco,7852102,5300,Mia@Bal 01:00PM ET,Bal
RB,Carlos Hyde (7852203),Carlos Hyde,7852203,5300,SF@Chi 01:00PM ET,SF
RB,Ameer Abdullah (7852155),Ameer Abdullah,7852155,5200,Det@NO 01:00PM ET,Det
QB,Brock Osweiler (7852093),Brock Osweiler,7852093,5200,Hou@GB 01:00PM ET,Hou
QB,Andy Dalton (7852097),Andy Dalton,7852097,5200,Phi@Cin 01:00PM ET,Cin
WR,Dontrelle Inman (7852383),Dontrelle Inman,7852383,5200,TB@SD 04:25PM ET,SD
RB,Jonathan Stewart (7852247),Jonathan Stewart,7852247,5200,Car@Sea 08:30PM ET,Car
WR,Willie Snead (7852273),Willie Snead,7852273,5100,Det@NO 01:00PM ET,NO
QB,Trevor Siemian (7852087),Trevor Siemian,7852087,5100,Den@Jax 01:00PM ET,Den
RB,Devontae Booker (7852175),Devontae Booker,7852175,5100,Den@Jax 01:00PM ET,Den
RB,C.J. Prosise (7852252),C.J. Prosise,7852252,5100,Car@Sea 08:30PM ET,Sea
TE,Greg Olsen (7852490),Greg Olsen,7852490,5100,Car@Sea 08:30PM ET,Car
QB,Matt Schaub (7852072),Matt Schaub,7852072,5000,KC@Atl 01:00PM ET,Atl
QB,Nick Foles (7852073),Nick Foles,7852073,5000,KC@Atl 01:00PM ET,KC
QB,Tyler Bray (7852074),Tyler Bray,7852074,5000,KC@Atl 01:00PM ET,KC
QB,Dan Orlovsky (7852076),Dan Orlovsky,7852076,5000,Det@NO 01:00PM ET,Det
QB,Luke McCown (7852077),Luke McCown,7852077,5000,Det@NO 01:00PM ET,NO
QB,Jake Rudock (7852079),Jake Rudock,7852079,5000,Det@NO 01:00PM ET,Det
QB,Case Keenum (7852081),Case Keenum,7852081,5000,LA@NE 01:00PM ET,LA
QB,Jimmy Garoppolo (7852082),Jimmy Garoppolo,7852082,5000,LA@NE 01:00PM ET,NE
QB,Sean Mannion (7852083),Sean Mannion,7852083,5000,LA@NE 01:00PM ET,LA
QB,Jared Goff (7852084),Jared Goff,7852084,5000,LA@NE 01:00PM ET,LA
RB,Todd Gurley (7852167),Todd Gurley,7852167,5000,LA@NE 01:00PM ET,LA
WR,Kenny Britt (7852281),Kenny Britt,7852281,5000,LA@NE 01:00PM ET,LA
QB,Chad Henne (7852085),Chad Henne,7852085,5000,Den@Jax 01:00PM ET,Jax
QB,Austin Davis (7852086),Austin Davis,7852086,5000,Den@Jax 01:00PM ET,Den
QB,Blake Bortles (7852088),Blake Bortles,7852088,5000,Den@Jax 01:00PM ET,Jax
QB,Brandon Allen (7852089),Brandon Allen,7852089,5000,Den@Jax 01:00PM ET,Jax
QB,Paxton Lynch (7852090),Paxton Lynch,7852090,5000,Den@Jax 01:00PM ET,Den
QB,Brandon Weeden (7852092),Brandon Weeden,7852092,5000,Hou@GB 01:00PM ET,Hou
QB,Tom Savage (7852094),Tom Savage,7852094,5000,Hou@GB 01:00PM ET,Hou
QB,Brett Hundley (7852095),Brett Hundley,7852095,5000,Hou@GB 01:00PM ET,GB
QB,Chase Daniel (7852096),Chase Daniel,7852096,5000,Phi@Cin 01:00PM ET,Phi
QB,AJ McCarron (7852098),AJ McCarron,7852098,5000,Phi@Cin 01:00PM ET,Cin
QB,Jeff Driskel (7852099),Jeff Driskel,7852099,5000,Phi@Cin 01:00PM ET,Cin
QB,Matt Moore (7852101),Matt Moore,7852101,5000,Mia@Bal 01:00PM ET,Mia
QB,Ryan Mallett (7852103),Ryan Mallett,7852103,5000,Mia@Bal 01:00PM ET,Bal
WR,Mike Wallace (7852327),Mike Wallace,7852327,5000,Mia@Bal 01:00PM ET,Bal
QB,Jay Cutler (7852105),Jay Cutler,7852105,5000,SF@Chi 01:00PM ET,Chi
QB,Christian Ponder (7852107),Christian Ponder,7852107,5000,SF@Chi 01:00PM ET,SF
QB,Blaine Gabbert (7852108),Blaine Gabbert,7852108,5000,SF@Chi 01:00PM ET,SF
QB,Matt Barkley (7852109),Matt Barkley,7852109,5000,SF@Chi 01:00PM ET,Chi
QB,David Fales (7852110),David Fales,7852110,5000,SF@Chi 01:00PM ET,Chi
QB,EJ Manuel (7852112),EJ Manuel,7852112,5000,Buf@Oak 04:05PM ET,Buf
QB,Matt McGloin (7852113),Matt McGloin,7852113,5000,Buf@Oak 04:05PM ET,Oak
QB,Connor Cook (7852115),Connor Cook,7852115,5000,Buf@Oak 04:05PM ET,Oak
QB,Cardale Jones (7852116),Cardale Jones,7852116,5000,Buf@Oak 04:05PM ET,Buf
QB,Josh Johnson (7852119),Josh Johnson,7852119,5000,NYG@Pit 04:25PM ET,NYG
QB,Landry Jones (7852120),Landry Jones,7852120,5000,NYG@Pit 04:25PM ET,Pit
QB,Ryan Nassib (7852121),Ryan Nassib,7852121,5000,NYG@Pit 04:25PM ET,NYG
QB,Zach Mettenberger (7852122),Zach Mettenberger,7852122,5000,NYG@Pit 04:25PM ET,Pit
QB,Drew Stanton (7852124),Drew Stanton,7852124,5000,Was@Ari 04:25PM ET,Ari
QB,Colt McCoy (7852125),Colt McCoy,7852125,5000,Was@Ari 04:25PM ET,Was
QB,Nate Sudfeld (7852127),Nate Sudfeld,7852127,5000,Was@Ari 04:25PM ET,Was
WR,DeSean Jackson (7852372),DeSean Jackson,7852372,5000,Was@Ari 04:25PM ET,Was
QB,Kellen Clemens (7852128),Kellen Clemens,7852128,5000,TB@SD 04:25PM ET,SD
QB,Mike Glennon (7852130),Mike Glennon,7852130,5000,TB@SD 04:25PM ET,TB
QB,Ryan Griffin (7852131),Ryan Griffin,7852131,5000,TB@SD 04:25PM ET,TB
QB,Derek Anderson (7852133),Derek Anderson,7852133,5000,Car@Sea 08:30PM ET,Car
QB,Joe Webb (7852134),Joe Webb,7852134,5000,Car@Sea 08:30PM ET,Car
QB,Trevone Boykin (7852137),Trevone Boykin,7852137,5000,Car@Sea 08:30PM ET,Sea
RB,Charcandrick West (7852145),Charcandrick West,7852145,4900,KC@Atl 01:00PM ET,KC
WR,Sterling Shepard (7852369),Sterling Shepard,7852369,4900,NYG@Pit 04:25PM ET,NYG
RB,Tim Hightower (7852146),Tim Hightower,7852146,4800,Det@NO 01:00PM ET,NO
TE,Martellus Bennett (7852419),Martellus Bennett,7852419,4800,LA@NE 01:00PM ET,NE
WR,Tyler Boyd (7852324),Tyler Boyd,7852324,4800,Phi@Cin 01:00PM ET,Cin
RB,Rashad Jennings (7852220),Rashad Jennings,7852220,4800,NYG@Pit 04:25PM ET,NYG
TE,Travis Kelce (7852404),Travis Kelce,7852404,4700,KC@Atl 01:00PM ET,KC
WR,Will Fuller (7852311),Will Fuller,7852311,4700,Hou@GB 01:00PM ET,Hou
RB,Rob Kelley (7852235),Rob Kelley,7852235,4700,Was@Ari 04:25PM ET,Was
WR,Tyreek Hill (7852267),Tyreek Hill,7852267,4600,KC@Atl 01:00PM ET,KC
RB,Mike Gillislee (7852214),Mike Gillislee,7852214,4600,Buf@Oak 04:05PM ET,Buf
WR,Travis Benjamin (7852384),Travis Benjamin,7852384,4600,TB@SD 04:25PM ET,SD
RB,Jacquizz Rodgers (7852238),Jacquizz Rodgers,7852238,4500,TB@SD 04:25PM ET,TB
WR,Mohamed Sanu (7852260),Mohamed Sanu,7852260,4400,KC@Atl 01:00PM ET,Atl
WR,Marvin Jones Jr. (7852271),Marvin Jones Jr.,7852271,4400,Det@NO 01:00PM ET,Det
WR,Chris Hogan (7852284),Chris Hogan,7852284,4400,LA@NE 01:00PM ET,NE
RB,James Starks (7852176),James Starks,7852176,4400,Hou@GB 01:00PM ET,GB
RB,Darren Sproles (7852186),Darren Sproles,7852186,4400,Phi@Cin 01:00PM ET,Phi
RB,Tevin Coleman (7852144),Tevin Coleman,7852144,4300,KC@Atl 01:00PM ET,Atl
RB,Alfred Blue (7852180),Alfred Blue,7852180,4300,Hou@GB 01:00PM ET,Hou
RB,Jeremy Hill (7852191),Jeremy Hill,7852191,4300,Phi@Cin 01:00PM ET,Cin
RB,Wendell Smallwood (7852192),Wendell Smallwood,7852192,4300,Phi@Cin 01:00PM ET,Phi
WR,Brandon LaFell (7852314),Brandon LaFell,7852314,4300,Phi@Cin 01:00PM ET,Cin
TE,Zach Ertz (7852440),Zach Ertz,7852440,4300,Phi@Cin 01:00PM ET,Phi
WR,Ty Montgomery (7852307),Ty Montgomery,7852307,4200,Hou@GB 01:00PM ET,GB
RB,Fitzgerald Toussaint (7852223),Fitzgerald Toussaint,7852223,4200,NYG@Pit 04:25PM ET,Pit
WR,Pierre Garcon (7852373),Pierre Garcon,7852373,4200,Was@Ari 04:25PM ET,Was
WR,Michael Floyd (7852374),Michael Floyd,7852374,4200,Was@Ari 04:25PM ET,Ari
WR,Anquan Boldin (7852268),Anquan Boldin,7852268,4100,Det@NO 01:00PM ET,Det
RB,Jeremy Langford (7852204),Jeremy Langford,7852204,4100,SF@Chi 01:00PM ET,Chi
WR,Cameron Meredith (7852344),Cameron Meredith,7852344,4100,SF@Chi 01:00PM ET,Chi
WR,Robert Woods (7852354),Robert Woods,7852354,4100,Buf@Oak 04:05PM ET,Buf
TE,Antonio Gates (7852481),Antonio Gates,7852481,4100,TB@SD 04:25PM ET,SD
WR,Taylor Gabriel (7852266),Taylor Gabriel,7852266,4000,KC@Atl 01:00PM ET,Atl
RB,Benny Cunningham (7852163),Benny Cunningham,7852163,4000,LA@NE 01:00PM ET,LA
RB,James White (7852164),James White,7852164,4000,LA@NE 01:00PM ET,NE
RB,Kapri Bibbs (7852172),Kapri Bibbs,7852172,4000,Den@Jax 01:00PM ET,Den
WR,Marqise Lee (7852298),Marqise Lee,7852298,4000,Den@Jax 01:00PM ET,Jax
WR,Marquess Wilson (7852343),Marquess Wilson,7852343,4000,SF@Chi 01:00PM ET,Chi
RB,Shane Vereen (7852221),Shane Vereen,7852221,4000,NYG@Pit 04:25PM ET,NYG
RB,Charles Sims (7852240),Charles Sims,7852240,4000,TB@SD 04:25PM ET,TB
WR,Ted Ginn Jr. (7852394),Ted Ginn Jr.,7852394,4000,Car@Sea 08:30PM ET,Car
TE,Eric Ebron (7852418),Eric Ebron,7852418,3900,Det@NO 01:00PM ET,Det
WR,Tavon Austin (7852283),Tavon Austin,7852283,3900,LA@NE 01:00PM ET,LA
DST,Broncos  (7852862),Broncos ,7852862,3900,Den@Jax 01:00PM ET,Den
RB,Ryan Mathews (7852188),Ryan Mathews,7852188,3900,Phi@Cin 01:00PM ET,Phi
RB,Damien Williams (7852197),Damien Williams,7852197,3900,Mia@Bal 01:00PM ET,Mia
WR,Kenny Stills (7852329),Kenny Stills,7852329,3900,Mia@Bal 01:00PM ET,Mia
RB,DuJuan Harris (7852202),DuJuan Harris,7852202,3900,SF@Chi 01:00PM ET,SF
RB,DeAndre Washington (7852216),DeAndre Washington,7852216,3900,Buf@Oak 04:05PM ET,Oak
WR,Eli Rogers (7852368),Eli Rogers,7852368,3900,NYG@Pit 04:25PM ET,Pit
WR,J.J. Nelson (7852377),J.J. Nelson,7852377,3900,Was@Ari 04:25PM ET,Ari
RB,Peyton Barber (7852245),Peyton Barber,7852245,3900,TB@SD 04:25PM ET,TB
RB,Dion Lewis (7852162),Dion Lewis,7852162,3800,LA@NE 01:00PM ET,NE
RB,Chris Ivory (7852168),Chris Ivory,7852168,3800,Den@Jax 01:00PM ET,Jax
TE,C.J. Fiedorowicz (7852435),C.J. Fiedorowicz,7852435,3800,Hou@GB 01:00PM ET,Hou
RB,Terrance West (7852195),Terrance West,7852195,3800,Mia@Bal 01:00PM ET,Bal
RB,Paul Perkins (7852228),Paul Perkins,7852228,3800,NYG@Pit 04:25PM ET,NYG
WR,John Brown (7852375),John Brown,7852375,3800,Was@Ari 04:25PM ET,Ari
RB,Cameron Artis-Payne (7852254),Cameron Artis-Payne,7852254,3800,Car@Sea 08:30PM ET,Car
DST,Patriots  (7852861),Patriots ,7852861,3700,LA@NE 01:00PM ET,NE
RB,T.J. Yeldon (7852173),T.J. Yeldon,7852173,3700,Den@Jax 01:00PM ET,Jax
RB,Kenneth Dixon (7852198),Kenneth Dixon,7852198,3700,Mia@Bal 01:00PM ET,Bal
RB,Chris Thompson (7852232),Chris Thompson,7852232,3700,Was@Ari 04:25PM ET,Was
RB,Kenneth Farrow (7852244),Kenneth Farrow,7852244,3700,TB@SD 04:25PM ET,SD
WR,Tyler Lockett (7852401),Tyler Lockett,7852401,3700,Car@Sea 08:30PM ET,Sea
WR,Malcolm Mitchell (7852286),Malcolm Mitchell,7852286,3600,LA@NE 01:00PM ET,NE
RB,Kenjon Barner (7852189),Kenjon Barner,7852189,3600,Phi@Cin 01:00PM ET,Phi
WR,Adam Humphries (7852391),Adam Humphries,7852391,3600,TB@SD 04:25PM ET,TB
TE,Cameron Brate (7852486),Cameron Brate,7852486,3600,TB@SD 04:25PM ET,TB
RB,Knile Davis (7852140),Knile Davis,7852140,3500,KC@Atl 01:00PM ET,KC
RB,Dwayne Washington (7852157),Dwayne Washington,7852157,3500,Det@NO 01:00PM ET,Det
TE,Coby Fleener (7852416),Coby Fleener,7852416,3500,Det@NO 01:00PM ET,NO
WR,Allen Hurns (7852296),Allen Hurns,7852296,3500,Den@Jax 01:00PM ET,Jax
RB,Akeem Hunt (7852185),Akeem Hunt,7852185,3500,Hou@GB 01:00PM ET,Hou
RB,Rex Burkhead (7852190),Rex Burkhead,7852190,3500,Phi@Cin 01:00PM ET,Cin
WR,Torrey Smith (7852338),Torrey Smith,7852338,3500,SF@Chi 01:00PM ET,SF
RB,Andre Ellington (7852229),Andre Ellington,7852229,3500,Was@Ari 04:25PM ET,Ari
DST,Seahawks  (7852880),Seahawks ,7852880,3500,Car@Sea 08:30PM ET,Sea
WR,Danny Amendola (7852279),Danny Amendola,7852279,3400,LA@NE 01:00PM ET,NE
WR,Eddie Royal (7852336),Eddie Royal,7852336,3400,SF@Chi 01:00PM ET,Chi
WR,Percy Harvin (7852350),Percy Harvin,7852350,3400,Buf@Oak 04:05PM ET,Buf
WR,Marquise Goodwin (7852351),Marquise Goodwin,7852351,3400,Buf@Oak 04:05PM ET,Buf
RB,Matt Jones (7852236),Matt Jones,7852236,3400,Was@Ari 04:25PM ET,Was
WR,Russell Shepard (7852385),Russell Shepard,7852385,3400,TB@SD 04:25PM ET,TB
RB,Christine Michael (7852179),Christine Michael,7852179,3300,Hou@GB 01:00PM ET,GB
WR,Jeremy Kerley (7852339),Jeremy Kerley,7852339,3300,SF@Chi 01:00PM ET,SF
DST,Bears  (7852870),Bears ,7852870,3300,SF@Chi 01:00PM ET,Chi
RB,Jalen Richard (7852217),Jalen Richard,7852217,3300,Buf@Oak 04:05PM ET,Oak
WR,Victor Cruz (7852360),Victor Cruz,7852360,3300,NYG@Pit 04:25PM ET,NYG
TE,Vernon Davis (7852475),Vernon Davis,7852475,3300,Was@Ari 04:25PM ET,Was
WR,Devin Funchess (7852403),Devin Funchess,7852403,3300,Car@Sea 08:30PM ET,Car
WR,Albert Wilson (7852261),Albert Wilson,7852261,3200,KC@Atl 01:00PM ET,KC
WR,Brian Quick (7852282),Brian Quick,7852282,3200,LA@NE 01:00PM ET,LA
RB,Denard Robinson (7852169),Denard Robinson,7852169,3200,Den@Jax 01:00PM ET,Jax
RB,Shaun Draughn (7852201),Shaun Draughn,7852201,3200,SF@Chi 01:00PM ET,SF
WR,Deonte Thompson (7852337),Deonte Thompson,7852337,3200,SF@Chi 01:00PM ET,Chi
WR,Quinton Patton (7852345),Quinton Patton,7852345,3200,SF@Chi 01:00PM ET,SF
DST,Raiders  (7852873),Raiders ,7852873,3200,Buf@Oak 04:05PM ET,Oak
WR,Sammie Coates (7852367),Sammie Coates,7852367,3200,NYG@Pit 04:25PM ET,Pit
WR,Chris Conley (7852263),Chris Conley,7852263,3100,KC@Atl 01:00PM ET,KC
DST,Eagles  (7852867),Eagles ,7852867,3100,Phi@Cin 01:00PM ET,Phi
WR,Breshad Perriman (7852334),Breshad Perriman,7852334,3100,Mia@Bal 01:00PM ET,Bal
WR,Leonte Carroo (7852335),Leonte Carroo,7852335,3100,Mia@Bal 01:00PM ET,Mia
TE,Dennis Pitta (7852447),Dennis Pitta,7852447,3100,Mia@Bal 01:00PM ET,Bal
RB,Anthony Sherman (7852138),Anthony Sherman,7852138,3000,KC@Atl 01:00PM ET,KC
RB,Patrick DiMarco (7852139),Patrick DiMarco,7852139,3000,KC@Atl 01:00PM ET,Atl
RB,Terron Ward (7852142),Terron Ward,7852142,3000,KC@Atl 01:00PM ET,Atl
WR,Eric Weems (7852256),Eric Weems,7852256,3000,KC@Atl 01:00PM ET,Atl
WR,Aldrick Robinson (7852258),Aldrick Robinson,7852258,3000,KC@Atl 01:00PM ET,Atl
WR,Justin Hardy (7852262),Justin Hardy,7852262,3000,KC@Atl 01:00PM ET,Atl
WR,De'Anthony Thomas (7852264),De'Anthony Thomas,7852264,3000,KC@Atl 01:00PM ET,KC
WR,Demarcus Robinson (7852265),Demarcus Robinson,7852265,3000,KC@Atl 01:00PM ET,KC
RB,Justin Forsett (7852147),Justin Forsett,7852147,3000,Det@NO 01:00PM ET,Det
RB,John Kuhn (7852148),John Kuhn,7852148,3000,Det@NO 01:00PM ET,NO
RB,Travaris Cadet (7852149),Travaris Cadet,7852149,3000,Det@NO 01:00PM ET,NO
RB,Marcus Murphy (7852152),Marcus Murphy,7852152,3000,Det@NO 01:00PM ET,NO
RB,Michael Burton (7852153),Michael Burton,7852153,3000,Det@NO 01:00PM ET,Det
RB,Zach Zenner (7852154),Zach Zenner,7852154,3000,Det@NO 01:00PM ET,Det
RB,Daniel Lasco (7852156),Daniel Lasco,7852156,3000,Det@NO 01:00PM ET,NO
WR,Andre Roberts (7852269),Andre Roberts,7852269,3000,Det@NO 01:00PM ET,Det
WR,Brandon Coleman (7852272),Brandon Coleman,7852272,3000,Det@NO 01:00PM ET,NO
WR,Tommylee Lewis (7852275),Tommylee Lewis,7852275,3000,Det@NO 01:00PM ET,NO
WR,Jake Lampman (7852277),Jake Lampman,7852277,3000,Det@NO 01:00PM ET,NO
RB,Chase Reynolds (7852158),Chase Reynolds,7852158,3000,LA@NE 01:00PM ET,LA
RB,James Develin (7852159),James Develin,7852159,3000,LA@NE 01:00PM ET,NE
RB,Brandon Bolden (7852161),Brandon Bolden,7852161,3000,LA@NE 01:00PM ET,NE
RB,Malcolm Brown (7852165),Malcolm Brown,7852165,3000,LA@NE 01:00PM ET,LA
RB,D.J. Foster (7852166),D.J. Foster,7852166,3000,LA@NE 01:00PM ET,NE
WR,Matthew Slater (7852278),Matthew Slater,7852278,3000,LA@NE 01:00PM ET,NE
WR,Bradley Marquez (7852285),Bradley Marquez,7852285,3000,LA@NE 01:00PM ET,LA
WR,Pharoh Cooper (7852287),Pharoh Cooper,7852287,3000,LA@NE 01:00PM ET,LA
WR,Mike Thomas (7852288),Mike Thomas,7852288,3000,LA@NE 01:00PM ET,LA
RB,Juwan Thompson (7852170),Juwan Thompson,7852170,3000,Den@Jax 01:00PM ET,Den
RB,Corey Grant (7852171),Corey Grant,7852171,3000,Den@Jax 01:00PM ET,Jax
RB,Andy Janovich (7852174),Andy Janovich,7852174,3000,Den@Jax 01:00PM ET,Den
WR,Jordan Norwood (7852289),Jordan Norwood,7852289,3000,Den@Jax 01:00PM ET,Den
WR,Bryan Walters (7852291),Bryan Walters,7852291,3000,Den@Jax 01:00PM ET,Jax
WR,Arrelious Benn (7852293),Arrelious Benn,7852293,3000,Den@Jax 01:00PM ET,Jax
WR,Bennie Fowler (7852294),Bennie Fowler,7852294,3000,Den@Jax 01:00PM ET,Den
WR,Marlon Brown (7852295),Marlon Brown,7852295,3000,Den@Jax 01:00PM ET,Den
WR,Jordan Taylor (7852297),Jordan Taylor,7852297,3000,Den@Jax 01:00PM ET,Den
WR,Rashad Greene Sr. (7852299),Rashad Greene Sr.,7852299,3000,Den@Jax 01:00PM ET,Jax
WR,Cody Latimer (7852300),Cody Latimer,7852300,3000,Den@Jax 01:00PM ET,Den
RB,Jonathan Grimes (7852177),Jonathan Grimes,7852177,3000,Hou@GB 01:00PM ET,Hou
RB,Jay Prosch (7852181),Jay Prosch,7852181,3000,Hou@GB 01:00PM ET,Hou
RB,Tyler Ervin (7852182),Tyler Ervin,7852182,3000,Hou@GB 01:00PM ET,Hou
RB,Aaron Ripkowski (7852183),Aaron Ripkowski,7852183,3000,Hou@GB 01:00PM ET,GB
RB,Joe Kerridge (7852184),Joe Kerridge,7852184,3000,Hou@GB 01:00PM ET,GB
WR,Keith Mumphery (7852304),Keith Mumphery,7852304,3000,Hou@GB 01:00PM ET,Hou
WR,Braxton Miller (7852306),Braxton Miller,7852306,3000,Hou@GB 01:00PM ET,Hou
WR,Trevor Davis (7852309),Trevor Davis,7852309,3000,Hou@GB 01:00PM ET,GB
WR,Jaelen Strong (7852310),Jaelen Strong,7852310,3000,Hou@GB 01:00PM ET,Hou
WR,Jeff Janis (7852312),Jeff Janis,7852312,3000,Hou@GB 01:00PM ET,GB
WR,Geronimo Allison (7852313),Geronimo Allison,7852313,3000,Hou@GB 01:00PM ET,GB
RB,Cedric Peerman (7852187),Cedric Peerman,7852187,3000,Phi@Cin 01:00PM ET,Cin
WR,James Wright (7852316),James Wright,7852316,3000,Phi@Cin 01:00PM ET,Cin
WR,Paul Turner (7852318),Paul Turner,7852318,3000,Phi@Cin 01:00PM ET,Phi
WR,Alex Erickson (7852319),Alex Erickson,7852319,3000,Phi@Cin 01:00PM ET,Cin
WR,Dorial Green-Beckham (7852320),Dorial Green-Beckham,7852320,3000,Phi@Cin 01:00PM ET,Phi
WR,Bryce Treggs (7852321),Bryce Treggs,7852321,3000,Phi@Cin 01:00PM ET,Phi
WR,Nelson Agholor (7852322),Nelson Agholor,7852322,3000,Phi@Cin 01:00PM ET,Phi
WR,Cody Core (7852323),Cody Core,7852323,3000,Phi@Cin 01:00PM ET,Cin
RB,Kyle Juszczyk (7852193),Kyle Juszczyk,7852193,3000,Mia@Bal 01:00PM ET,Bal
RB,Javorius Allen (7852196),Javorius Allen,7852196,3000,Mia@Bal 01:00PM ET,Bal
RB,Kenyan Drake (7852199),Kenyan Drake,7852199,3000,Mia@Bal 01:00PM ET,Mia
RB,Lorenzo Taliaferro (7852200),Lorenzo Taliaferro,7852200,3000,Mia@Bal 01:00PM ET,Bal
WR,Devin Hester (7852326),Devin Hester,7852326,3000,Mia@Bal 01:00PM ET,Bal
WR,Kamar Aiken (7852328),Kamar Aiken,7852328,3000,Mia@Bal 01:00PM ET,Bal
WR,Jakeem Grant (7852332),Jakeem Grant,7852332,3000,Mia@Bal 01:00PM ET,Mia
WR,Chris Moore (7852333),Chris Moore,7852333,3000,Mia@Bal 01:00PM ET,Bal
DST,Ravens  (7852869),Ravens ,7852869,3000,Mia@Bal 01:00PM ET,Bal
RB,Ka'Deem Carey (7852205),Ka'Deem Carey,7852205,3000,SF@Chi 01:00PM ET,Chi
RB,Paul Lasike (7852206),Paul Lasike,7852206,3000,SF@Chi 01:00PM ET,Chi
RB,Mike Davis (7852207),Mike Davis,7852207,3000,SF@Chi 01:00PM ET,SF
WR,Rod Streater (7852341),Rod Streater,7852341,3000,SF@Chi 01:00PM ET,SF
WR,Joshua Bellamy (7852342),Joshua Bellamy,7852342,3000,SF@Chi 01:00PM ET,Chi
WR,Chris Harper (7852346),Chris Harper,7852346,3000,SF@Chi 01:00PM ET,SF
WR,Aaron Burbridge (7852347),Aaron Burbridge,7852347,3000,SF@Chi 01:00PM ET,SF
RB,Reggie Bush (7852209),Reggie Bush,7852209,3000,Buf@Oak 04:05PM ET,Buf
RB,Jerome Felton (7852210),Jerome Felton,7852210,3000,Buf@Oak 04:05PM ET,Buf
RB,Taiwan Jones (7852211),Taiwan Jones,7852211,3000,Buf@Oak 04:05PM ET,Oak
RB,Jamize Olawale (7852215),Jamize Olawale,7852215,3000,Buf@Oak 04:05PM ET,Oak
RB,Jonathan Williams (7852218),Jonathan Williams,7852218,3000,Buf@Oak 04:05PM ET,Buf
WR,Brandon Tate (7852348),Brandon Tate,7852348,3000,Buf@Oak 04:05PM ET,Buf
WR,Justin Hunter (7852352),Justin Hunter,7852352,3000,Buf@Oak 04:05PM ET,Buf
WR,Walt Powell (7852353),Walt Powell,7852353,3000,Buf@Oak 04:05PM ET,Buf
WR,Andre Holmes (7852355),Andre Holmes,7852355,3000,Buf@Oak 04:05PM ET,Oak
WR,Seth Roberts (7852358),Seth Roberts,7852358,3000,Buf@Oak 04:05PM ET,Oak
WR,Johnny Holton (7852359),Johnny Holton,7852359,3000,Buf@Oak 04:05PM ET,Oak
RB,Bobby Rainey (7852222),Bobby Rainey,7852222,3000,NYG@Pit 04:25PM ET,NYG
RB,Orleans Darkwa (7852225),Orleans Darkwa,7852225,3000,NYG@Pit 04:25PM ET,NYG
RB,Roosevelt Nix (7852226),Roosevelt Nix,7852226,3000,NYG@Pit 04:25PM ET,Pit
RB,Daryl Richardson (7852227),Daryl Richardson,7852227,3000,NYG@Pit 04:25PM ET,Pit
WR,Darrius Heyward-Bey (7852361),Darrius Heyward-Bey,7852361,3000,NYG@Pit 04:25PM ET,Pit
WR,Dwayne Harris (7852362),Dwayne Harris,7852362,3000,NYG@Pit 04:25PM ET,NYG
WR,Tavarres King (7852364),Tavarres King,7852364,3000,NYG@Pit 04:25PM ET,NYG
WR,Cobi Hamilton (7852365),Cobi Hamilton,7852365,3000,NYG@Pit 04:25PM ET,Pit
WR,Roger Lewis (7852370),Roger Lewis,7852370,3000,NYG@Pit 04:25PM ET,NYG
TE,Will Tye (7852471),Will Tye,7852471,3000,NYG@Pit 04:25PM ET,NYG
RB,Stepfan Taylor (7852230),Stepfan Taylor,7852230,3000,Was@Ari 04:25PM ET,Ari
RB,Kerwynn Williams (7852231),Kerwynn Williams,7852231,3000,Was@Ari 04:25PM ET,Ari
RB,Mack Brown (7852234),Mack Brown,7852234,3000,Was@Ari 04:25PM ET,Was
WR,Ryan Grant (7852376),Ryan Grant,7852376,3000,Was@Ari 04:25PM ET,Was
WR,Rashad Ross (7852378),Rashad Ross,7852378,3000,Was@Ari 04:25PM ET,Was
WR,Maurice Harris (7852380),Maurice Harris,7852380,3000,Was@Ari 04:25PM ET,Was
WR,Brittan Golden (7852381),Brittan Golden,7852381,3000,Was@Ari 04:25PM ET,Ari
WR,Marquis Bundy (7852382),Marquis Bundy,7852382,3000,Was@Ari 04:25PM ET,Ari
RB,Mike James (7852239),Mike James,7852239,3000,TB@SD 04:25PM ET,TB
RB,Ronnie Hillman (7852241),Ronnie Hillman,7852241,3000,TB@SD 04:25PM ET,SD
RB,Derek Watt (7852243),Derek Watt,7852243,3000,TB@SD 04:25PM ET,SD
WR,Cecil Shorts III (7852386),Cecil Shorts III,7852386,3000,TB@SD 04:25PM ET,TB
WR,Geremy Davis (7852387),Geremy Davis,7852387,3000,TB@SD 04:25PM ET,SD
WR,Isaiah Burse (7852388),Isaiah Burse,7852388,3000,TB@SD 04:25PM ET,SD
WR,Freddie Martino (7852389),Freddie Martino,7852389,3000,TB@SD 04:25PM ET,TB
WR,Jeremy Butler (7852392),Jeremy Butler,7852392,3000,TB@SD 04:25PM ET,SD
RB,Mike Tolbert (7852246),Mike Tolbert,7852246,3000,Car@Sea 08:30PM ET,Car
RB,Fozzy Whittaker (7852248),Fozzy Whittaker,7852248,3000,Car@Sea 08:30PM ET,Car
RB,Will Tukuafu (7852249),Will Tukuafu,7852249,3000,Car@Sea 08:30PM ET,Sea
RB,George Farmer (7852250),George Farmer,7852250,3000,Car@Sea 08:30PM ET,Sea
RB,Troymaine Pope (7852253),Troymaine Pope,7852253,3000,Car@Sea 08:30PM ET,Sea
RB,Alex Collins (7852255),Alex Collins,7852255,3000,Car@Sea 08:30PM ET,Sea
WR,Jermaine Kearse (7852396),Jermaine Kearse,7852396,3000,Car@Sea 08:30PM ET,Sea
WR,Brenton Bersin (7852397),Brenton Bersin,7852397,3000,Car@Sea 08:30PM ET,Car
WR,Paul Richardson (7852398),Paul Richardson,7852398,3000,Car@Sea 08:30PM ET,Sea
WR,Corey Brown (7852399),Corey Brown,7852399,3000,Car@Sea 08:30PM ET,Car
WR,Tanner McEvoy (7852400),Tanner McEvoy,7852400,3000,Car@Sea 08:30PM ET,Sea
DST,Falcons  (7852856),Falcons ,7852856,2900,KC@Atl 01:00PM ET,Atl
TE,Lance Kendricks (7852420),Lance Kendricks,7852420,2900,LA@NE 01:00PM ET,LA
TE,Jared Cook (7852433),Jared Cook,7852433,2900,Hou@GB 01:00PM ET,GB
DST,Packers  (7852865),Packers ,7852865,2900,Hou@GB 01:00PM ET,GB
TE,Vance McDonald (7852459),Vance McDonald,7852459,2900,SF@Chi 01:00PM ET,SF
TE,Hunter Henry (7852489),Hunter Henry,7852489,2900,TB@SD 04:25PM ET,SD
DST,Chargers  (7852878),Chargers ,7852878,2900,TB@SD 04:25PM ET,SD
DST,Chiefs  (7852857),Chiefs ,7852857,2800,KC@Atl 01:00PM ET,KC
TE,Julius Thomas (7852428),Julius Thomas,7852428,2800,Den@Jax 01:00PM ET,Jax
DST,49ers  (7852871),49ers ,7852871,2800,SF@Chi 01:00PM ET,SF
TE,Ladarius Green (7852470),Ladarius Green,7852470,2800,NYG@Pit 04:25PM ET,Pit
DST,Steelers  (7852875),Steelers ,7852875,2800,NYG@Pit 04:25PM ET,Pit
TE,Garrett Celek (7852458),Garrett Celek,7852458,2700,SF@Chi 01:00PM ET,SF
DST,Bills  (7852872),Bills ,7852872,2700,Buf@Oak 04:05PM ET,Buf
DST,Giants  (7852874),Giants ,7852874,2700,NYG@Pit 04:25PM ET,NYG
DST,Cardinals  (7852876),Cardinals ,7852876,2700,Was@Ari 04:25PM ET,Ari
TE,Austin Hooper (7852411),Austin Hooper,7852411,2600,KC@Atl 01:00PM ET,Atl
TE,Virgil Green (7852426),Virgil Green,7852426,2600,Den@Jax 01:00PM ET,Den
DST,Jaguars  (7852863),Jaguars ,7852863,2600,Den@Jax 01:00PM ET,Jax
TE,Richard Rodgers (7852437),Richard Rodgers,7852437,2600,Hou@GB 01:00PM ET,GB
DST,Bengals  (7852866),Bengals ,7852866,2600,Phi@Cin 01:00PM ET,Cin
DST,Dolphins  (7852868),Dolphins ,7852868,2600,Mia@Bal 01:00PM ET,Mia
TE,Charles Clay (7852464),Charles Clay,7852464,2600,Buf@Oak 04:05PM ET,Buf
TE,Jesse James (7852473),Jesse James,7852473,2600,NYG@Pit 04:25PM ET,Pit
DST,Panthers  (7852881),Panthers ,7852881,2600,Car@Sea 08:30PM ET,Car
TE,James Winchester (7852405),James Winchester,7852405,2500,KC@Atl 01:00PM ET,KC
TE,Levine Toilolo (7852406),Levine Toilolo,7852406,2500,KC@Atl 01:00PM ET,Atl
TE,James O'Shaughnessy (7852407),James O'Shaughnessy,7852407,2500,KC@Atl 01:00PM ET,KC
TE,Ross Travis (7852408),Ross Travis,7852408,2500,KC@Atl 01:00PM ET,KC
TE,Demetrius Harris (7852409),Demetrius Harris,7852409,2500,KC@Atl 01:00PM ET,KC
TE,Joshua Perkins (7852410),Joshua Perkins,7852410,2500,KC@Atl 01:00PM ET,Atl
TE,Brandon Pettigrew (7852412),Brandon Pettigrew,7852412,2500,Det@NO 01:00PM ET,Det
TE,Clay Harbor (7852413),Clay Harbor,7852413,2500,Det@NO 01:00PM ET,Det
TE,John Phillips (7852414),John Phillips,7852414,2500,Det@NO 01:00PM ET,NO
TE,Matthew Mulligan (7852415),Matthew Mulligan,7852415,2500,Det@NO 01:00PM ET,Det
TE,Josh Hill (7852417),Josh Hill,7852417,2500,Det@NO 01:00PM ET,NO
TE,Cory Harkey (7852422),Cory Harkey,7852422,2500,LA@NE 01:00PM ET,LA
TE,Matt Lengel (7852423),Matt Lengel,7852423,2500,LA@NE 01:00PM ET,NE
TE,Tyler Higbee (7852424),Tyler Higbee,7852424,2500,LA@NE 01:00PM ET,LA
TE,Temarrick Hemingway (7852425),Temarrick Hemingway,7852425,2500,LA@NE 01:00PM ET,LA
TE,A.J. Derby (7852427),A.J. Derby,7852427,2500,Den@Jax 01:00PM ET,Den
TE,Neal Sterling (7852429),Neal Sterling,7852429,2500,Den@Jax 01:00PM ET,Jax
TE,Jeff Heuerman (7852430),Jeff Heuerman,7852430,2500,Den@Jax 01:00PM ET,Den
TE,Alex Ellis (7852431),Alex Ellis,7852431,2500,Den@Jax 01:00PM ET,Jax
TE,Ben Koyack (7852432),Ben Koyack,7852432,2500,Den@Jax 01:00PM ET,Jax
TE,Ryan Griffin (7852434),Ryan Griffin,7852434,2500,Hou@GB 01:00PM ET,Hou
TE,Stephen Anderson (7852436),Stephen Anderson,7852436,2500,Hou@GB 01:00PM ET,Hou
DST,Texans  (7852864),Texans ,7852864,2500,Hou@GB 01:00PM ET,Hou
TE,Clark Harris (7852438),Clark Harris,7852438,2500,Phi@Cin 01:00PM ET,Cin
TE,Brent Celek (7852439),Brent Celek,7852439,2500,Phi@Cin 01:00PM ET,Phi
TE,Ryan Hewitt (7852441),Ryan Hewitt,7852441,2500,Phi@Cin 01:00PM ET,Cin
TE,Trey Burton (7852443),Trey Burton,7852443,2500,Phi@Cin 01:00PM ET,Phi
TE,Tyler Ott (7852444),Tyler Ott,7852444,2500,Phi@Cin 01:00PM ET,Cin
TE,Tyler Kroft (7852445),Tyler Kroft,7852445,2500,Phi@Cin 01:00PM ET,Cin
TE,C.J. Uzomah (7852446),C.J. Uzomah,7852446,2500,Phi@Cin 01:00PM ET,Cin
TE,MarQueis Gray (7852448),MarQueis Gray,7852448,2500,Mia@Bal 01:00PM ET,Mia
TE,Dion Sims (7852449),Dion Sims,7852449,2500,Mia@Bal 01:00PM ET,Mia
TE,Crockett Gillmore (7852450),Crockett Gillmore,7852450,2500,Mia@Bal 01:00PM ET,Bal
TE,Darren Waller (7852451),Darren Waller,7852451,2500,Mia@Bal 01:00PM ET,Bal
TE,Nick Boyle (7852452),Nick Boyle,7852452,2500,Mia@Bal 01:00PM ET,Bal
TE,Dominique Jones (7852453),Dominique Jones,7852453,2500,Mia@Bal 01:00PM ET,Mia
TE,Thomas Duarte (7852454),Thomas Duarte,7852454,2500,Mia@Bal 01:00PM ET,Mia
TE,Logan Paulsen (7852455),Logan Paulsen,7852455,2500,SF@Chi 01:00PM ET,Chi
TE,Kyle Nelson (7852456),Kyle Nelson,7852456,2500,SF@Chi 01:00PM ET,SF
TE,Patrick Scales (7852457),Patrick Scales,7852457,2500,SF@Chi 01:00PM ET,Chi
TE,Blake Bell (7852460),Blake Bell,7852460,2500,SF@Chi 01:00PM ET,SF
TE,Je'Ron Hamm (7852461),Je'Ron Hamm,7852461,2500,SF@Chi 01:00PM ET,SF
TE,Daniel Brown (7852462),Daniel Brown,7852462,2500,SF@Chi 01:00PM ET,Chi
TE,Ben Braunecker (7852463),Ben Braunecker,7852463,2500,SF@Chi 01:00PM ET,Chi
TE,Mychal Rivera (7852465),Mychal Rivera,7852465,2500,Buf@Oak 04:05PM ET,Oak
TE,Clive Walford (7852466),Clive Walford,7852466,2500,Buf@Oak 04:05PM ET,Oak
TE,Nick O'Leary (7852467),Nick O'Leary,7852467,2500,Buf@Oak 04:05PM ET,Buf
TE,David Johnson (7852468),David Johnson,7852468,2500,NYG@Pit 04:25PM ET,Pit
TE,Larry Donnell (7852469),Larry Donnell,7852469,2500,NYG@Pit 04:25PM ET,NYG
TE,Xavier Grimble (7852472),Xavier Grimble,7852472,2500,NYG@Pit 04:25PM ET,Pit
TE,Jerell Adams (7852474),Jerell Adams,7852474,2500,NYG@Pit 04:25PM ET,NYG
TE,Darren Fells (7852476),Darren Fells,7852476,2500,Was@Ari 04:25PM ET,Ari
TE,Jermaine Gresham (7852477),Jermaine Gresham,7852477,2500,Was@Ari 04:25PM ET,Ari
TE,Derek Carrier (7852479),Derek Carrier,7852479,2500,Was@Ari 04:25PM ET,Was
TE,Hakeem Valles (7852480),Hakeem Valles,7852480,2500,Was@Ari 04:25PM ET,Ari
TE,Brandon Myers (7852482),Brandon Myers,7852482,2500,TB@SD 04:25PM ET,TB
TE,Andrew DePaola (7852483),Andrew DePaola,7852483,2500,TB@SD 04:25PM ET,TB
TE,Luke Stocker (7852484),Luke Stocker,7852484,2500,TB@SD 04:25PM ET,TB
TE,Sean McGrath (7852485),Sean McGrath,7852485,2500,TB@SD 04:25PM ET,SD
TE,Asante Cleveland (7852487),Asante Cleveland,7852487,2500,TB@SD 04:25PM ET,SD
TE,Alan Cross (7852488),Alan Cross,7852488,2500,TB@SD 04:25PM ET,TB
DST,Buccaneers  (7852879),Buccaneers ,7852879,2500,TB@SD 04:25PM ET,TB
TE,Ed Dickson (7852492),Ed Dickson,7852492,2500,Car@Sea 08:30PM ET,Car
TE,Luke Willson (7852493),Luke Willson,7852493,2500,Car@Sea 08:30PM ET,Sea
TE,Brandon Williams (7852494),Brandon Williams,7852494,2500,Car@Sea 08:30PM ET,Sea
TE,Chris Manhertz (7852495),Chris Manhertz,7852495,2500,Car@Sea 08:30PM ET,Car
TE,Nick Vannett (7852496),Nick Vannett,7852496,2500,Car@Sea 08:30PM ET,Sea
DST,Redskins  (7852877),Redskins ,7852877,2400,Was@Ari 04:25PM ET,Was
DST,Lions  (7852858),Lions ,7852858,2300,Det@NO 01:00PM ET,Det
DST,Rams  (7852860),Rams ,7852860,2200,LA@NE 01:00PM ET,LA
DST,Saints  (7852859),Saints ,7852859,2100,Det@NO 01:00PM ET,NO