Position,Name...ID,Name,ID,Salary,GameInfo,TeamAbbrev
RB,David Johnson,David Johnson,9800,9800,ARI@MIA,ARI
RB,Le'Veon Bell,Le'Veon Bell,9000,9000,PIT@BUF,PIT
WR,Mike Evans,Mike Evans,8900,8900,NO@TB,TB
WR,Antonio Brown,Antonio Brown,8700,8700,PIT@BUF,PIT
WR,Julio Jones,Julio Jones,8500,8500,ATL@LA,ATL
RB,Ezekiel Elliott,Ezekiel Elliott,8400,8400,DAL@NYG,DAL
RB,LeSean McCoy,LeSean McCoy,8200,8200,PIT@BUF,BUF
WR,Odell Beckham Jr.,Odell Beckham Jr.,8000,8000,DAL@NYG,NYG
WR,A.J. Green,A.J. Green,7700,7700,CIN@CLE,CIN
WR,T.Y. Hilton,T.Y. Hilton,7500,7500,HOU@IND,IND
QB,Drew Brees,Drew Brees,7400,7400,NO@TB,NO
RB,Melvin Gordon,Melvin Gordon,7400,7400,SD@CAR,SD
QB,Cam Newton,Cam Newton,7200,7200,SD@CAR,CAR
WR,Larry Fitzgerald,Larry Fitzgerald,7100,7100,ARI@MIA,ARI
RB,DeMarco Murray,DeMarco Murray,7000,7000,DEN@TEN,TEN
WR,Brandon Marshall,Brandon Marshall,7000,7000,NYJ@SF,NYJ
QB,Ben Roethlisberger,Ben Roethlisberger,7000,7000,PIT@BUF,PIT
QB,Andrew Luck,Andrew Luck,6900,6900,HOU@IND,IND
WR,Dez Bryant,Dez Bryant,6900,6900,DAL@NYG,DAL
RB,Matt Forte,Matt Forte,6800,6800,NYJ@SF,NYJ
WR,Jordy Nelson,Jordy Nelson,6800,6800,SEA@GB,GB
QB,Matthew Stafford,Matthew Stafford,6800,6800,CHI@DET,DET
WR,Doug Baldwin,Doug Baldwin,6800,6800,SEA@GB,SEA
WR,Michael Thomas,Michael Thomas,6700,6700,NO@TB,NO
QB,Jameis Winston,Jameis Winston,6700,6700,NO@TB,TB
QB,Philip Rivers,Philip Rivers,6600,6600,SD@CAR,SD
WR,Golden Tate,Golden Tate,6600,6600,CHI@DET,DET
QB,Russell Wilson,Russell Wilson,6600,6600,SEA@GB,SEA
QB,Matt Ryan,Matt Ryan,6500,6500,ATL@LA,ATL
WR,Stefon Diggs,Stefon Diggs,6500,6500,MIN@JAX,MIN
QB,Aaron Rodgers,Aaron Rodgers,6400,6400,SEA@GB,GB
WR,Brandin Cooks,Brandin Cooks,6400,6400,NO@TB,NO
RB,Jordan Howard,Jordan Howard,6400,6400,CHI@DET,CHI
WR,Donte Moncrief,Donte Moncrief,6300,6300,HOU@IND,IND
QB,Kirk Cousins,Kirk Cousins,6300,6300,WAS@PHI,WAS
RB,Doug Martin,Doug Martin,6200,6200,NO@TB,TB
WR,Kelvin Benjamin,Kelvin Benjamin,6200,6200,SD@CAR,CAR
QB,Marcus Mariota,Marcus Mariota,6200,6200,DEN@TEN,TEN
QB,Andy Dalton,Andy Dalton,6100,6100,CIN@CLE,CIN
WR,Tyrell Williams,Tyrell Williams,6100,6100,SD@CAR,SD
RB,Devonta Freeman,Devonta Freeman,6100,6100,ATL@LA,ATL
WR,Demaryius Thomas,Demaryius Thomas,6000,6000,DEN@TEN,DEN
TE,Tyler Eifert,Tyler Eifert,6000,6000,CIN@CLE,CIN
WR,Alshon Jeffery,Alshon Jeffery,6000,6000,CHI@DET,CHI
TE,Jordan Reed,Jordan Reed,5900,5900,WAS@PHI,WAS
QB,Dak Prescott,Dak Prescott,5900,5900,DAL@NYG,DAL
RB,Jay Ajayi,Jay Ajayi,5900,5900,ARI@MIA,MIA
WR,Terrelle Pryor,Terrelle Pryor,5900,5900,CIN@CLE,CLE
WR,DeAndre Hopkins,DeAndre Hopkins,5800,5800,HOU@IND,HOU
RB,Jeremy Hill,Jeremy Hill,5800,5800,CIN@CLE,CIN
QB,Colin Kaepernick,Colin Kaepernick,5800,5800,NYJ@SF,SF
QB,Carson Palmer,Carson Palmer,5700,5700,ARI@MIA,ARI
RB,Thomas Rawls,Thomas Rawls,5700,5700,SEA@GB,SEA
WR,Emmanuel Sanders,Emmanuel Sanders,5700,5700,DEN@TEN,DEN
WR,Jarvis Landry,Jarvis Landry,5600,5600,ARI@MIA,MIA
RB,DeAngelo Williams,DeAngelo Williams,5600,5600,PIT@BUF,PIT
QB,Ryan Fitzpatrick,Ryan Fitzpatrick,5600,5600,NYJ@SF,NYJ
RB,Jacquizz Rodgers,Jacquizz Rodgers,5600,5600,NO@TB,TB
WR,Jamison Crowder,Jamison Crowder,5600,5600,WAS@PHI,WAS
QB,Eli Manning,Eli Manning,5500,5500,DAL@NYG,NYG
RB,Theo Riddick,Theo Riddick,5500,5500,CHI@DET,DET
WR,Davante Adams,Davante Adams,5500,5500,SEA@GB,GB
TE,Jimmy Graham,Jimmy Graham,5500,5500,SEA@GB,SEA
WR,Jordan Matthews,Jordan Matthews,5400,5400,WAS@PHI,PHI
RB,Jonathan Stewart,Jonathan Stewart,5400,5400,SD@CAR,CAR
QB,Tyrod Taylor,Tyrod Taylor,5400,5400,PIT@BUF,BUF
WR,Sammy Watkins,Sammy Watkins,5300,5300,PIT@BUF,BUF
QB,Brock Osweiler,Brock Osweiler,5300,5300,HOU@IND,HOU
RB,Mark Ingram,Mark Ingram,5300,5300,NO@TB,NO
WR,DeVante Parker,DeVante Parker,5300,5300,ARI@MIA,MIA
RB,Derrick Henry,Derrick Henry,5200,5200,DEN@TEN,TEN
WR,DeSean Jackson,DeSean Jackson,5200,5200,WAS@PHI,WAS
QB,Ryan Tannehill,Ryan Tannehill,5200,5200,ARI@MIA,MIA
WR,Kenny Britt,Kenny Britt,5200,5200,ATL@LA,LA
WR,Cole Beasley,Cole Beasley,5200,5200,DAL@NYG,DAL
WR,Willie Snead,Willie Snead,5200,5200,NO@TB,NO
WR,Rishard Matthews,Rishard Matthews,5100,5100,DEN@TEN,TEN
QB,Carson Wentz,Carson Wentz,5100,5100,WAS@PHI,PHI
RB,Lamar Miller,Lamar Miller,5100,5100,HOU@IND,HOU
QB,Sam Bradford,Sam Bradford,5100,5100,MIN@JAX,MIN
QB,Tony Romo,Tony Romo,5100,5100,DAL@NYG,DAL
QB,Trevor Siemian,Trevor Siemian,5100,5100,DEN@TEN,DEN
QB,Landry Jones,Landry Jones,5000,5000,PIT@BUF,PIT
QB,EJ Manuel,EJ Manuel,5000,5000,PIT@BUF,BUF
QB,Zach Mettenberger,Zach Mettenberger,5000,5000,PIT@BUF,PIT
QB,Cardale Jones,Cardale Jones,5000,5000,PIT@BUF,BUF
QB,Matt Cassel,Matt Cassel,5000,5000,DEN@TEN,TEN
QB,Austin Davis,Austin Davis,5000,5000,DEN@TEN,DEN
QB,Paxton Lynch,Paxton Lynch,5000,5000,DEN@TEN,DEN
QB,Luke McCown,Luke McCown,5000,5000,NO@TB,NO
QB,Mike Glennon,Mike Glennon,5000,5000,NO@TB,TB
QB,Ryan Griffin,Ryan Griffin,5000,5000,NO@TB,TB
QB,Chase Daniel,Chase Daniel,5000,5000,WAS@PHI,PHI
QB,Colt McCoy,Colt McCoy,5000,5000,WAS@PHI,WAS
QB,Nate Sudfeld,Nate Sudfeld,5000,5000,WAS@PHI,WAS
QB,Matt Moore,Matt Moore,5000,5000,ARI@MIA,MIA
QB,Drew Stanton,Drew Stanton,5000,5000,ARI@MIA,ARI
QB,Derek Anderson,Derek Anderson,5000,5000,SD@CAR,CAR
QB,Kellen Clemens,Kellen Clemens,5000,5000,SD@CAR,SD
QB,Joe Webb,Joe Webb,5000,5000,SD@CAR,CAR
TE,Greg Olsen,Greg Olsen,5000,5000,SD@CAR,CAR
QB,Josh McCown,Josh McCown,5000,5000,CIN@CLE,CLE
QB,Robert Griffin,Robert Griffin,5000,5000,CIN@CLE,CLE
QB,AJ McCarron,AJ McCarron,5000,5000,CIN@CLE,CIN
QB,Cody Kessler,Cody Kessler,5000,5000,CIN@CLE,CLE
QB,Jeff Driskel,Jeff Driskel,5000,5000,CIN@CLE,CIN
QB,Kevin Hogan,Kevin Hogan,5000,5000,CIN@CLE,CLE
WR,Brandon LaFell,Brandon LaFell,5000,5000,CIN@CLE,CIN
QB,Jay Cutler,Jay Cutler,5000,5000,CHI@DET,CHI
QB,Dan Orlovsky,Dan Orlovsky,5000,5000,CHI@DET,DET
QB,Matt Barkley,Matt Barkley,5000,5000,CHI@DET,CHI
QB,David Fales,David Fales,5000,5000,CHI@DET,CHI
QB,Jake Rudock,Jake Rudock,5000,5000,CHI@DET,DET
RB,Ameer Abdullah,Ameer Abdullah,5000,5000,CHI@DET,DET
QB,Scott Tolzien,Scott Tolzien,5000,5000,HOU@IND,IND
QB,Brandon Weeden,Brandon Weeden,5000,5000,HOU@IND,HOU
QB,Tom Savage,Tom Savage,5000,5000,HOU@IND,HOU
QB,Shaun Hill,Shaun Hill,5000,5000,MIN@JAX,MIN
QB,Chad Henne,Chad Henne,5000,5000,MIN@JAX,JAX
QB,Taylor Heinicke,Taylor Heinicke,5000,5000,MIN@JAX,MIN
QB,Brandon Allen,Brandon Allen,5000,5000,MIN@JAX,JAX
RB,Adrian Peterson,Adrian Peterson,5000,5000,MIN@JAX,MIN
WR,Allen Robinson,Allen Robinson,5000,5000,MIN@JAX,JAX
QB,Christian Ponder,Christian Ponder,5000,5000,NYJ@SF,SF
QB,Blaine Gabbert,Blaine Gabbert,5000,5000,NYJ@SF,SF
QB,Bryce Petty,Bryce Petty,5000,5000,NYJ@SF,NYJ
QB,Christian Hackenberg,Christian Hackenberg,5000,5000,NYJ@SF,NYJ
RB,Bilal Powell,Bilal Powell,5000,5000,NYJ@SF,NYJ
QB,Matt Schaub,Matt Schaub,5000,5000,ATL@LA,ATL
QB,Case Keenum,Case Keenum,5000,5000,ATL@LA,LA
QB,Sean Mannion,Sean Mannion,5000,5000,ATL@LA,LA
QB,Jared Goff,Jared Goff,5000,5000,ATL@LA,LA
RB,Todd Gurley,Todd Gurley,5000,5000,ATL@LA,LA
QB,Brett Hundley,Brett Hundley,5000,5000,SEA@GB,GB
QB,Trevone Boykin,Trevone Boykin,5000,5000,SEA@GB,SEA
WR,Randall Cobb,Randall Cobb,5000,5000,SEA@GB,GB
QB,Josh Johnson,Josh Johnson,5000,5000,DAL@NYG,NYG
QB,Mark Sanchez,Mark Sanchez,5000,5000,DAL@NYG,DAL
QB,Ryan Nassib,Ryan Nassib,5000,5000,DAL@NYG,NYG
QB,Blake Bortles,Blake Bortles,5000,5000,MIN@JAX,JAX
WR,Tyler Boyd,Tyler Boyd,4900,4900,CIN@CLE,CIN
WR,Marvin Jones Jr.,Marvin Jones Jr.,4900,4900,CHI@DET,DET
RB,Carlos Hyde,Carlos Hyde,4900,4900,NYJ@SF,SF
WR,Quincy Enunwa,Quincy Enunwa,4900,4900,NYJ@SF,NYJ
RB,Rashad Jennings,Rashad Jennings,4900,4900,DAL@NYG,NYG
RB,Alfred Morris,Alfred Morris,4900,4900,DAL@NYG,DAL
TE,Zach Ertz,Zach Ertz,4900,4900,WAS@PHI,PHI
WR,Dontrelle Inman,Dontrelle Inman,4800,4800,SD@CAR,SD
RB,Frank Gore,Frank Gore,4800,4800,HOU@IND,IND
RB,Devontae Booker,Devontae Booker,4800,4800,DEN@TEN,DEN
RB,C.J. Prosise,C.J. Prosise,4700,4700,SEA@GB,SEA
WR,Adam Thielen,Adam Thielen,4700,4700,MIN@JAX,MIN
WR,Sterling Shepard,Sterling Shepard,4600,4600,DAL@NYG,NYG
RB,Mike Gillislee,Mike Gillislee,4600,4600,PIT@BUF,BUF
RB,Tim Hightower,Tim Hightower,4500,4500,NO@TB,NO
WR,Anquan Boldin,Anquan Boldin,4500,4500,CHI@DET,DET
WR,Will Fuller,Will Fuller,4500,4500,HOU@IND,HOU
TE,Delanie Walker,Delanie Walker,4400,4400,DEN@TEN,TEN
WR,Corey Coleman,Corey Coleman,4400,4400,CIN@CLE,CLE
RB,Alfred Blue,Alfred Blue,4400,4400,HOU@IND,HOU
RB,Darren Sproles,Darren Sproles,4400,4400,WAS@PHI,PHI
RB,Fitzgerald Toussaint,Fitzgerald Toussaint,4300,4300,PIT@BUF,PIT
WR,Taylor Gabriel,Taylor Gabriel,4300,4300,ATL@LA,ATL
RB,Rob Kelley,Rob Kelley,4200,4200,WAS@PHI,WAS
WR,Pierre Garcon,Pierre Garcon,4200,4200,WAS@PHI,WAS
WR,Mohamed Sanu,Mohamed Sanu,4200,4200,ATL@LA,ATL
RB,Jeremy Langford,Jeremy Langford,4100,4100,CHI@DET,CHI
WR,Travis Benjamin,Travis Benjamin,4100,4100,SD@CAR,SD
TE,Cameron Brate,Cameron Brate,4100,4100,NO@TB,TB
RB,Kapri Bibbs,Kapri Bibbs,4000,4000,DEN@TEN,DEN
WR,Ted Ginn Jr.,Ted Ginn Jr.,4000,4000,SD@CAR,CAR
WR,Cameron Meredith,Cameron Meredith,4000,4000,CHI@DET,CHI
TE,Kyle Rudolph,Kyle Rudolph,4000,4000,MIN@JAX,MIN
RB,Benny Cunningham,Benny Cunningham,4000,4000,ATL@LA,LA
RB,Tevin Coleman,Tevin Coleman,4000,4000,ATL@LA,ATL
RB,Shane Vereen,Shane Vereen,4000,4000,DAL@NYG,NYG
RB,Charles Sims,Charles Sims,4000,4000,NO@TB,TB
RB,Ryan Mathews,Ryan Mathews,4000,4000,WAS@PHI,PHI
WR,Robert Woods,Robert Woods,3900,3900,PIT@BUF,BUF
RB,Damien Williams,Damien Williams,3900,3900,ARI@MIA,MIA
WR,Michael Floyd,Michael Floyd,3900,3900,ARI@MIA,ARI
RB,Isaiah Crowell,Isaiah Crowell,3900,3900,CIN@CLE,CLE
TE,C.J. Fiedorowicz,C.J. Fiedorowicz,3900,3900,HOU@IND,HOU
TE,Ladarius Green,Ladarius Green,3900,3900,PIT@BUF,PIT
RB,DuJuan Harris,DuJuan Harris,3900,3900,NYJ@SF,SF
WR,Tavon Austin,Tavon Austin,3900,3900,ATL@LA,LA
WR,Ty Montgomery,Ty Montgomery,3900,3900,SEA@GB,GB
DST,Vikings ,Vikings ,3900,3900,MIN@JAX,MIN
RB,Wendell Smallwood,Wendell Smallwood,3800,3800,WAS@PHI,PHI
WR,John Brown,John Brown,3800,3800,ARI@MIA,ARI
RB,Cameron Artis-Payne,Cameron Artis-Payne,3800,3800,SD@CAR,CAR
WR,Eli Rogers,Eli Rogers,3800,3800,PIT@BUF,PIT
WR,Marquess Wilson,Marquess Wilson,3800,3800,CHI@DET,CHI
TE,Eric Ebron,Eric Ebron,3800,3800,CHI@DET,DET
RB,T.J. Yeldon,T.J. Yeldon,3800,3800,MIN@JAX,JAX
RB,James Starks,James Starks,3800,3800,SEA@GB,GB
RB,Paul Perkins,Paul Perkins,3800,3800,DAL@NYG,NYG
TE,Antonio Gates,Antonio Gates,3800,3800,SD@CAR,SD
DST,Broncos ,Broncos ,3800,3800,DEN@TEN,DEN
WR,Adam Humphries,Adam Humphries,3700,3700,NO@TB,TB
RB,Chris Thompson,Chris Thompson,3700,3700,WAS@PHI,WAS
WR,Paul Turner,Paul Turner,3700,3700,WAS@PHI,PHI
WR,Kenny Stills,Kenny Stills,3700,3700,ARI@MIA,MIA
RB,Kenneth Farrow,Kenneth Farrow,3700,3700,SD@CAR,SD
RB,Chris Ivory,Chris Ivory,3700,3700,MIN@JAX,JAX
WR,Marqise Lee,Marqise Lee,3700,3700,MIN@JAX,JAX
WR,Tyler Lockett,Tyler Lockett,3700,3700,SEA@GB,SEA
TE,Coby Fleener,Coby Fleener,3700,3700,NO@TB,NO
WR,Dorial Green-Beckham,Dorial Green-Beckham,3600,3600,WAS@PHI,PHI
RB,Jerick McKinnon,Jerick McKinnon,3600,3600,MIN@JAX,MIN
WR,Cordarrelle Patterson,Cordarrelle Patterson,3600,3600,MIN@JAX,MIN
RB,Kenjon Barner,Kenjon Barner,3600,3600,WAS@PHI,PHI
WR,J.J. Nelson,J.J. Nelson,3600,3600,ARI@MIA,ARI
DST,Lions ,Lions ,3600,3600,CHI@DET,DET
WR,Russell Shepard,Russell Shepard,3500,3500,NO@TB,TB
TE,Vernon Davis,Vernon Davis,3500,3500,WAS@PHI,WAS
RB,Andre Ellington,Andre Ellington,3500,3500,ARI@MIA,ARI
RB,Rex Burkhead,Rex Burkhead,3500,3500,CIN@CLE,CIN
RB,Duke Johnson,Duke Johnson,3500,3500,CIN@CLE,CLE
RB,Dwayne Washington,Dwayne Washington,3500,3500,CHI@DET,DET
WR,Josh Bellamy,Josh Bellamy,3500,3500,CHI@DET,CHI
WR,Torrey Smith,Torrey Smith,3500,3500,NYJ@SF,SF
DST,Bengals ,Bengals ,3500,3500,CIN@CLE,CIN
WR,Tajae Sharpe,Tajae Sharpe,3400,3400,DEN@TEN,TEN
WR,Marquise Goodwin,Marquise Goodwin,3400,3400,PIT@BUF,BUF
WR,Allen Hurns,Allen Hurns,3400,3400,MIN@JAX,JAX
WR,Jeremy Kerley,Jeremy Kerley,3400,3400,NYJ@SF,SF
RB,Matt Jones,Matt Jones,3400,3400,WAS@PHI,WAS
WR,Kendall Wright,Kendall Wright,3300,3300,DEN@TEN,TEN
TE,Gary Barnidge,Gary Barnidge,3300,3300,CIN@CLE,CLE
RB,Robert Turbin,Robert Turbin,3300,3300,HOU@IND,IND
RB,Matt Asiata,Matt Asiata,3300,3300,MIN@JAX,MIN
RB,Christine Michael,Christine Michael,3300,3300,SEA@GB,GB
WR,Victor Cruz,Victor Cruz,3300,3300,DAL@NYG,NYG
WR,Devin Funchess,Devin Funchess,3300,3300,SD@CAR,CAR
DST,Titans ,Titans ,3300,3300,DEN@TEN,TEN
WR,Percy Harvin,Percy Harvin,3200,3200,PIT@BUF,BUF
WR,Nelson Agholor,Nelson Agholor,3200,3200,WAS@PHI,PHI
WR,T.J. Jones,T.J. Jones,3200,3200,CHI@DET,DET
WR,Phillip Dorsett,Phillip Dorsett,3200,3200,HOU@IND,IND
RB,Denard Robinson,Denard Robinson,3200,3200,MIN@JAX,JAX
WR,Quinton Patton,Quinton Patton,3200,3200,NYJ@SF,SF
WR,Terrance Williams,Terrance Williams,3200,3200,DAL@NYG,DAL
DST,Cardinals ,Cardinals ,3200,3200,ARI@MIA,ARI
WR,Eddie Royal,Eddie Royal,3100,3100,CHI@DET,CHI
WR,Brian Quick,Brian Quick,3100,3100,ATL@LA,LA
TE,Jason Witten,Jason Witten,3100,3100,DAL@NYG,DAL
DST,Jets ,Jets ,3100,3100,NYJ@SF,NYJ
DST,Falcons ,Falcons ,3100,3100,ATL@LA,ATL
RB,Reggie Bush,Reggie Bush,3000,3000,PIT@BUF,BUF
RB,Jerome Felton,Jerome Felton,3000,3000,PIT@BUF,BUF
RB,Roosevelt Nix,Roosevelt Nix,3000,3000,PIT@BUF,PIT
RB,Daryl Richardson,Daryl Richardson,3000,3000,PIT@BUF,PIT
RB,Jonathan Williams,Jonathan Williams,3000,3000,PIT@BUF,BUF
WR,Darrius Heyward-Bey,Darrius Heyward-Bey,3000,3000,PIT@BUF,PIT
WR,Brandon Tate,Brandon Tate,3000,3000,PIT@BUF,BUF
WR,Cobi Hamilton,Cobi Hamilton,3000,3000,PIT@BUF,PIT
WR,Justin Hunter,Justin Hunter,3000,3000,PIT@BUF,BUF
WR,Sammie Coates,Sammie Coates,3000,3000,PIT@BUF,PIT
WR,Dezmin Lewis,Dezmin Lewis,3000,3000,PIT@BUF,BUF
RB,Jalston Fowler,Jalston Fowler,3000,3000,DEN@TEN,TEN
RB,Juwan Thompson,Juwan Thompson,3000,3000,DEN@TEN,DEN
RB,David Fluellen,David Fluellen,3000,3000,DEN@TEN,TEN
RB,Antonio Andrews,Antonio Andrews,3000,3000,DEN@TEN,TEN
WR,Harry Douglas,Harry Douglas,3000,3000,DEN@TEN,TEN
WR,Jordan Norwood,Jordan Norwood,3000,3000,DEN@TEN,DEN
WR,Marc Mariani,Marc Mariani,3000,3000,DEN@TEN,TEN
WR,Bennie Fowler,Bennie Fowler,3000,3000,DEN@TEN,DEN
WR,Marlon Brown,Marlon Brown,3000,3000,DEN@TEN,DEN
WR,Jordan Taylor,Jordan Taylor,3000,3000,DEN@TEN,DEN
WR,Tre McBride,Tre McBride,3000,3000,DEN@TEN,TEN
WR,Cody Latimer,Cody Latimer,3000,3000,DEN@TEN,DEN
WR,Kalif Raymond,Kalif Raymond,3000,3000,DEN@TEN,DEN
RB,John Kuhn,John Kuhn,3000,3000,NO@TB,NO
RB,Travaris Cadet,Travaris Cadet,3000,3000,NO@TB,NO
RB,Marcus Murphy,Marcus Murphy,3000,3000,NO@TB,NO
RB,Daniel Lasco,Daniel Lasco,3000,3000,NO@TB,NO
RB,Peyton Barber,Peyton Barber,3000,3000,NO@TB,TB
WR,Brandon Coleman,Brandon Coleman,3000,3000,NO@TB,NO
WR,Cecil Shorts,Cecil Shorts,3000,3000,NO@TB,TB
WR,Freddie Martino,Freddie Martino,3000,3000,NO@TB,TB
WR,Tommylee Lewis,Tommylee Lewis,3000,3000,NO@TB,NO
WR,Jake Lampman,Jake Lampman,3000,3000,NO@TB,NO
RB,Mack Brown,Mack Brown,3000,3000,WAS@PHI,WAS
WR,Ryan Grant,Ryan Grant,3000,3000,WAS@PHI,WAS
WR,Rashad Ross,Rashad Ross,3000,3000,WAS@PHI,WAS
WR,Maurice Harris,Maurice Harris,3000,3000,WAS@PHI,WAS
WR,Bryce Treggs,Bryce Treggs,3000,3000,WAS@PHI,PHI
RB,Stepfan Taylor,Stepfan Taylor,3000,3000,ARI@MIA,ARI
RB,Kerwynn Williams,Kerwynn Williams,3000,3000,ARI@MIA,ARI
RB,Kenyan Drake,Kenyan Drake,3000,3000,ARI@MIA,MIA
WR,Rashawn Scott,Rashawn Scott,3000,3000,ARI@MIA,MIA
WR,Jakeem Grant,Jakeem Grant,3000,3000,ARI@MIA,MIA
WR,Brittan Golden,Brittan Golden,3000,3000,ARI@MIA,ARI
WR,Marquis Bundy,Marquis Bundy,3000,3000,ARI@MIA,ARI
WR,Leonte Carroo,Leonte Carroo,3000,3000,ARI@MIA,MIA
RB,Mike Tolbert,Mike Tolbert,3000,3000,SD@CAR,CAR
RB,Fozzy Whittaker,Fozzy Whittaker,3000,3000,SD@CAR,CAR
RB,Ronnie Hillman,Ronnie Hillman,3000,3000,SD@CAR,SD
RB,Derek Watt,Derek Watt,3000,3000,SD@CAR,SD
WR,Brenton Bersin,Brenton Bersin,3000,3000,SD@CAR,CAR
WR,Geremy Davis,Geremy Davis,3000,3000,SD@CAR,SD
WR,Isaiah Burse,Isaiah Burse,3000,3000,SD@CAR,SD
WR,Corey Brown,Corey Brown,3000,3000,SD@CAR,CAR
WR,Jeremy Butler,Jeremy Butler,3000,3000,SD@CAR,SD
RB,Cedric Peerman,Cedric Peerman,3000,3000,CIN@CLE,CIN
RB,George Atkinson,George Atkinson,3000,3000,CIN@CLE,CLE
WR,Andrew Hawkins,Andrew Hawkins,3000,3000,CIN@CLE,CLE
WR,James Wright,James Wright,3000,3000,CIN@CLE,CIN
WR,Alex Erickson,Alex Erickson,3000,3000,CIN@CLE,CIN
WR,Jordan Payton,Jordan Payton,3000,3000,CIN@CLE,CLE
WR,Ricardo Louis,Ricardo Louis,3000,3000,CIN@CLE,CLE
WR,Cody Core,Cody Core,3000,3000,CIN@CLE,CIN
WR,Rashard Higgins,Rashard Higgins,3000,3000,CIN@CLE,CLE
RB,Mike Burton,Mike Burton,3000,3000,CHI@DET,DET
RB,Zach Zenner,Zach Zenner,3000,3000,CHI@DET,DET
RB,Ka'Deem Carey,Ka'Deem Carey,3000,3000,CHI@DET,CHI
RB,Paul Lasike,Paul Lasike,3000,3000,CHI@DET,CHI
WR,Andre Roberts,Andre Roberts,3000,3000,CHI@DET,DET
WR,Deonte Thompson,Deonte Thompson,3000,3000,CHI@DET,CHI
WR,Daniel Braverman,Daniel Braverman,3000,3000,CHI@DET,CHI
RB,Jonathan Grimes,Jonathan Grimes,3000,3000,HOU@IND,HOU
RB,Jordan Todman,Jordan Todman,3000,3000,HOU@IND,IND
RB,Jay Prosch,Jay Prosch,3000,3000,HOU@IND,HOU
RB,Tyler Ervin,Tyler Ervin,3000,3000,HOU@IND,HOU
RB,Josh Ferguson,Josh Ferguson,3000,3000,HOU@IND,IND
RB,Akeem Hunt,Akeem Hunt,3000,3000,HOU@IND,HOU
WR,Keith Mumphery,Keith Mumphery,3000,3000,HOU@IND,HOU
WR,Braxton Miller,Braxton Miller,3000,3000,HOU@IND,HOU
WR,Chester Rogers,Chester Rogers,3000,3000,HOU@IND,IND
WR,Jaelen Strong,Jaelen Strong,3000,3000,HOU@IND,HOU
RB,Zach Line,Zach Line,3000,3000,MIN@JAX,MIN
RB,Corey Grant,Corey Grant,3000,3000,MIN@JAX,JAX
WR,Bryan Walters,Bryan Walters,3000,3000,MIN@JAX,JAX
WR,Arrelious Benn,Arrelious Benn,3000,3000,MIN@JAX,JAX
WR,Charles Johnson,Charles Johnson,3000,3000,MIN@JAX,MIN
WR,Jarius Wright,Jarius Wright,3000,3000,MIN@JAX,MIN
WR,Shane Wynn,Shane Wynn,3000,3000,MIN@JAX,JAX
WR,Laquon Treadwell,Laquon Treadwell,3000,3000,MIN@JAX,MIN
RB,Shaun Draughn,Shaun Draughn,3000,3000,NYJ@SF,SF
RB,C.J. Spiller,C.J. Spiller,3000,3000,NYJ@SF,NYJ
RB,Mike Davis,Mike Davis,3000,3000,NYJ@SF,SF
WR,Jeremy Ross,Jeremy Ross,3000,3000,NYJ@SF,NYJ
WR,Rod Streater,Rod Streater,3000,3000,NYJ@SF,SF
WR,Charone Peake,Charone Peake,3000,3000,NYJ@SF,NYJ
WR,Devin Smith,Devin Smith,3000,3000,NYJ@SF,NYJ
WR,Robby Anderson,Robby Anderson,3000,3000,NYJ@SF,NYJ
WR,Chris Harper,Chris Harper,3000,3000,NYJ@SF,SF
WR,Aaron Burbridge,Aaron Burbridge,3000,3000,NYJ@SF,SF
WR,Jalin Marshall,Jalin Marshall,3000,3000,NYJ@SF,NYJ
TE,Vance McDonald,Vance McDonald,3000,3000,NYJ@SF,SF
RB,Chase Reynolds,Chase Reynolds,3000,3000,ATL@LA,LA
RB,Patrick DiMarco,Patrick DiMarco,3000,3000,ATL@LA,ATL
RB,Terron Ward,Terron Ward,3000,3000,ATL@LA,ATL
RB,Malcolm Brown,Malcolm Brown,3000,3000,ATL@LA,LA
WR,Eric Weems,Eric Weems,3000,3000,ATL@LA,ATL
WR,Aldrick Robinson,Aldrick Robinson,3000,3000,ATL@LA,ATL
WR,Justin Hardy,Justin Hardy,3000,3000,ATL@LA,ATL
WR,Bradley Marquez,Bradley Marquez,3000,3000,ATL@LA,LA
WR,Pharoh Cooper,Pharoh Cooper,3000,3000,ATL@LA,LA
WR,Mike Thomas,Mike Thomas,3000,3000,ATL@LA,LA
RB,Will Tukuafu,Will Tukuafu,3000,3000,SEA@GB,SEA
RB,George Farmer,George Farmer,3000,3000,SEA@GB,SEA
RB,Aaron Ripkowski,Aaron Ripkowski,3000,3000,SEA@GB,GB
RB,Joe Kerridge,Joe Kerridge,3000,3000,SEA@GB,GB
RB,Troymaine Pope,Troymaine Pope,3000,3000,SEA@GB,SEA
RB,Alex Collins,Alex Collins,3000,3000,SEA@GB,SEA
WR,Jermaine Kearse,Jermaine Kearse,3000,3000,SEA@GB,SEA
WR,Paul Richardson,Paul Richardson,3000,3000,SEA@GB,SEA
WR,Tanner McEvoy,Tanner McEvoy,3000,3000,SEA@GB,SEA
WR,Trevor Davis,Trevor Davis,3000,3000,SEA@GB,GB
WR,Jeff Janis,Jeff Janis,3000,3000,SEA@GB,GB
WR,Geronimo Allison,Geronimo Allison,3000,3000,SEA@GB,GB
RB,Darren McFadden,Darren McFadden,3000,3000,DAL@NYG,DAL
RB,Bobby Rainey,Bobby Rainey,3000,3000,DAL@NYG,NYG
RB,Lance Dunbar,Lance Dunbar,3000,3000,DAL@NYG,DAL
RB,Keith Smith,Keith Smith,3000,3000,DAL@NYG,DAL
RB,Darius Jackson,Darius Jackson,3000,3000,DAL@NYG,DAL
WR,Dwayne Harris,Dwayne Harris,3000,3000,DAL@NYG,NYG
WR,Tavarres King,Tavarres King,3000,3000,DAL@NYG,NYG
WR,Brice Butler,Brice Butler,3000,3000,DAL@NYG,DAL
WR,Lucky Whitehead,Lucky Whitehead,3000,3000,DAL@NYG,DAL
WR,Vince Mayle,Vince Mayle,3000,3000,DAL@NYG,DAL
WR,Roger Lewis,Roger Lewis,3000,3000,DAL@NYG,NYG
DST,Seahawks ,Seahawks ,3000,3000,SEA@GB,SEA
TE,Hunter Henry,Hunter Henry,2900,2900,SD@CAR,SD
DST,Eagles ,Eagles ,2900,2900,WAS@PHI,PHI
DST,Panthers ,Panthers ,2900,2900,SD@CAR,CAR
TE,Lance Kendricks,Lance Kendricks,2800,2800,ATL@LA,LA
TE,Will Tye,Will Tye,2800,2800,DAL@NYG,NYG
TE,Julius Thomas,Julius Thomas,2800,2800,MIN@JAX,JAX
DST,Texans ,Texans ,2800,2800,HOU@IND,HOU
DST,Steelers ,Steelers ,2800,2800,PIT@BUF,PIT
TE,Jack Doyle,Jack Doyle,2700,2700,HOU@IND,IND
TE,Jared Cook,Jared Cook,2700,2700,SEA@GB,GB
DST,Redskins ,Redskins ,2700,2700,WAS@PHI,WAS
DST,Cowboys ,Cowboys ,2700,2700,DAL@NYG,DAL
TE,Dwayne Allen,Dwayne Allen,2600,2600,HOU@IND,IND
TE,Richard Rodgers,Richard Rodgers,2600,2600,SEA@GB,GB
TE,Charles Clay,Charles Clay,2600,2600,PIT@BUF,BUF
DST,Dolphins ,Dolphins ,2600,2600,ARI@MIA,MIA
DST,Chargers ,Chargers ,2600,2600,SD@CAR,SD
DST,Colts ,Colts ,2600,2600,HOU@IND,IND
DST,49ers ,49ers ,2600,2600,NYJ@SF,SF
DST,Packers ,Packers ,2600,2600,SEA@GB,GB
DST,Giants ,Giants ,2600,2600,DAL@NYG,NYG
TE,David Johnson,David Johnson,2500,2500,PIT@BUF,PIT
TE,Logan Thomas,Logan Thomas,2500,2500,PIT@BUF,BUF
TE,Gerald Christian,Gerald Christian,2500,2500,PIT@BUF,BUF
TE,Xavier Grimble,Xavier Grimble,2500,2500,PIT@BUF,PIT
TE,Nick O'Leary,Nick O'Leary,2500,2500,PIT@BUF,BUF
TE,Jesse James,Jesse James,2500,2500,PIT@BUF,PIT
TE,Anthony Fasano,Anthony Fasano,2500,2500,DEN@TEN,TEN
TE,Virgil Green,Virgil Green,2500,2500,DEN@TEN,DEN
TE,A.J. Derby,A.J. Derby,2500,2500,DEN@TEN,DEN
TE,Jeff Heuerman,Jeff Heuerman,2500,2500,DEN@TEN,DEN
TE,Jace Amaro,Jace Amaro,2500,2500,DEN@TEN,TEN
TE,Phillip Supernaw,Phillip Supernaw,2500,2500,DEN@TEN,TEN
TE,Brandon Myers,Brandon Myers,2500,2500,NO@TB,TB
TE,John Phillips,John Phillips,2500,2500,NO@TB,NO
TE,Luke Stocker,Luke Stocker,2500,2500,NO@TB,TB
TE,Josh Hill,Josh Hill,2500,2500,NO@TB,NO
TE,Alan Cross,Alan Cross,2500,2500,NO@TB,TB
TE,Brent Celek,Brent Celek,2500,2500,WAS@PHI,PHI
TE,Trey Burton,Trey Burton,2500,2500,WAS@PHI,PHI
TE,Derek Carrier,Derek Carrier,2500,2500,WAS@PHI,WAS
TE,Darren Fells,Darren Fells,2500,2500,ARI@MIA,ARI
TE,Jermaine Gresham,Jermaine Gresham,2500,2500,ARI@MIA,ARI
TE,MarQueis Gray,MarQueis Gray,2500,2500,ARI@MIA,MIA
TE,Dion Sims,Dion Sims,2500,2500,ARI@MIA,MIA
TE,Dominique Jones,Dominique Jones,2500,2500,ARI@MIA,MIA
TE,Hakeem Valles,Hakeem Valles,2500,2500,ARI@MIA,ARI
TE,Thomas Duarte,Thomas Duarte,2500,2500,ARI@MIA,MIA
TE,Ed Dickson,Ed Dickson,2500,2500,SD@CAR,CAR
TE,Sean McGrath,Sean McGrath,2500,2500,SD@CAR,SD
TE,Asante Cleveland,Asante Cleveland,2500,2500,SD@CAR,SD
TE,Chris Manhertz,Chris Manhertz,2500,2500,SD@CAR,CAR
TE,Ryan Hewitt,Ryan Hewitt,2500,2500,CIN@CLE,CIN
TE,Randall Telfer,Randall Telfer,2500,2500,CIN@CLE,CLE
TE,Tyler Kroft,Tyler Kroft,2500,2500,CIN@CLE,CIN
TE,C.J. Uzomah,C.J. Uzomah,2500,2500,CIN@CLE,CIN
TE,Seth DeValve,Seth DeValve,2500,2500,CIN@CLE,CLE
TE,Danny Vitale,Danny Vitale,2500,2500,CIN@CLE,CLE
TE,Brandon Pettigrew,Brandon Pettigrew,2500,2500,CHI@DET,DET
TE,Clay Harbor,Clay Harbor,2500,2500,CHI@DET,DET
TE,Logan Paulsen,Logan Paulsen,2500,2500,CHI@DET,CHI
TE,Matthew Mulligan,Matthew Mulligan,2500,2500,CHI@DET,DET
TE,Daniel Brown,Daniel Brown,2500,2500,CHI@DET,CHI
TE,Ben Braunecker,Ben Braunecker,2500,2500,CHI@DET,CHI
TE,Ryan Griffin,Ryan Griffin,2500,2500,HOU@IND,HOU
TE,Erik Swoope,Erik Swoope,2500,2500,HOU@IND,IND
TE,Stephen Anderson,Stephen Anderson,2500,2500,HOU@IND,HOU
TE,Rhett Ellison,Rhett Ellison,2500,2500,MIN@JAX,MIN
TE,Neal Sterling,Neal Sterling,2500,2500,MIN@JAX,JAX
TE,Alex Ellis,Alex Ellis,2500,2500,MIN@JAX,JAX
TE,Ben Koyack,Ben Koyack,2500,2500,MIN@JAX,JAX
TE,David Morgan,David Morgan,2500,2500,MIN@JAX,MIN
TE,Garrett Celek,Garrett Celek,2500,2500,NYJ@SF,SF
TE,Brandon Bostick,Brandon Bostick,2500,2500,NYJ@SF,NYJ
TE,Blake Bell,Blake Bell,2500,2500,NYJ@SF,SF
TE,Je'Ron Hamm,Je'Ron Hamm,2500,2500,NYJ@SF,SF
TE,Eric Tomlinson,Eric Tomlinson,2500,2500,NYJ@SF,NYJ
TE,Austin Seferian-Jenkins,Austin Seferian-Jenkins,2500,2500,NYJ@SF,NYJ
TE,Cory Harkey,Cory Harkey,2500,2500,ATL@LA,LA
TE,Levine Toilolo,Levine Toilolo,2500,2500,ATL@LA,ATL
TE,Tyler Higbee,Tyler Higbee,2500,2500,ATL@LA,LA
TE,Joshua Perkins,Joshua Perkins,2500,2500,ATL@LA,ATL
TE,Temarrick Hemingway,Temarrick Hemingway,2500,2500,ATL@LA,LA
TE,Austin Hooper,Austin Hooper,2500,2500,ATL@LA,ATL
TE,Luke Willson,Luke Willson,2500,2500,SEA@GB,SEA
TE,Brandon Williams,Brandon Williams,2500,2500,SEA@GB,SEA
TE,Nick Vannett,Nick Vannett,2500,2500,SEA@GB,SEA
TE,Larry Donnell,Larry Donnell,2500,2500,DAL@NYG,NYG
TE,Gavin Escobar,Gavin Escobar,2500,2500,DAL@NYG,DAL
TE,Jerell Adams,Jerell Adams,2500,2500,DAL@NYG,NYG
DST,Bills ,Bills ,2500,2500,PIT@BUF,BUF
DST,Jaguars ,Jaguars ,2500,2500,MIN@JAX,JAX
DST,Rams ,Rams ,2500,2500,ATL@LA,LA
DST,Saints ,Saints ,2400,2400,NO@TB,NO
DST,Buccaneers ,Buccaneers ,2400,2400,NO@TB,TB
DST,Bears ,Bears ,2300,2300,CHI@DET,CHI
DST,Browns ,Browns ,2200,2200,CIN@CLE,CLE
