Position,Name...ID,Name,ID,Salary,GameInfo,Team,FirstName,LastName,Opponent,Projection,Projection_dfn,RankTargets,RollingTargetPctg
RB,David Johnson (7852233),David Johnson,7852233,9800,ARI@MIA,Ari,David,Johnson,Mia,25.68,24.5,2,0.189922481
RB,Le'Veon Bell (7852224),Le'Veon Bell,7852224,9000,PIT@BUF,Pit,Le'Veon,Bell,Buf,26.44,27.7,2,0.165605096
WR,Mike Evans (7852390),Mike Evans,7852390,8900,NO@TB,TB,Mike,Evans,NO,20.21,21.8,1,0.3125
WR,Antonio Brown (7852363),Antonio Brown,7852363,8700,PIT@BUF,Pit,Antonio,Brown,Buf,20.66,22.9,1,0.284501062
WR,Julio Jones (7852259),Julio Jones,7852259,8500,ATL@LA,Atl,Julio,Jones,LA,0,17.3,1,0.272511848
RB,LeSean McCoy (7852212),LeSean McCoy,7852212,8200,PIT@BUF,Buf,LeSean,McCoy,PIT,20.4,15.7,4,0.117647059
WR,Odell Beckham Jr. (7852366),Odell Beckham Jr.,7852366,8000,DAL@NYG,NYG,Odell,Beckham,Dal,20.98,21.3,1,0.289079229
WR,A.J. Green (7852315),A.J. Green,7852315,7700,CIN@CLE,Cin,A.J.,Green,Cle,0,0,1,0.241610738
QB,Drew Brees (7852075),Drew Brees,7852075,7400,NO@TB,NO,Drew,Brees,TB,19.47,20.6,0,0
RB,Melvin Gordon (7852242),Melvin Gordon,7852242,7400,SD@CAR,SD,Melvin,Gordon,Car,0,19,5,0.134433962
QB,Cam Newton (7852135),Cam Newton,7852135,7200,SD@CAR,Car,Cam,Newton,SD,19.62,21.2,0,0
WR,Larry Fitzgerald (7852371),Larry Fitzgerald,7852371,7100,ARI@MIA,Ari,Larry,Fitzgerald,Mia,15.58,17.9,1,0.25
QB,Ben Roethlisberger (7852118),Ben Roethlisberger,7852118,7000,PIT@BUF,Pit,Ben,Roethlisberger,Buf,18.36,18.9,0,0
WR,Doug Baldwin (7852395),Doug Baldwin,7852395,6800,SEA@GB,Sea,Doug,Baldwin,GB,15.93,14.5,1,0.245478036
WR,Jordy Nelson (7852302),Jordy Nelson,7852302,6800,SEA@GB,GB,Jordy,Nelson,Sea,18.74,16.5,1,0.247983871
QB,Matthew Stafford (7852078),Matthew Stafford,7852078,6800,CHI@DET,Det,Matthew,Stafford,Chi,17.7,18.8,0,0
QB,Jameis Winston (7852132),Jameis Winston,7852132,6700,NO@TB,TB,Jameis,Winston,NO,17.87,19.3,0,0
WR,Michael Thomas (7852276),Michael Thomas,7852276,6700,NO@TB,NO,Michael,Thomas,TB,13.69,14.6,1,0.185258964
WR,Golden Tate (7852270),Golden Tate,7852270,6600,CHI@DET,Det,Golden,Tate,Chi,13.59,14.2,1,0.226244344
QB,Philip Rivers (7852129),Philip Rivers,7852129,6600,SD@CAR,SD,Philip,Rivers,Car,18.84,20,0,0
QB,Russell Wilson (7852136),Russell Wilson,7852136,6600,SEA@GB,Sea,Russell,Wilson,GB,18.9,19.7,13,0.005167959
QB,Matt Ryan (7852070),Matt Ryan,7852070,6500,ATL@LA,Atl,Matt,Ryan,LA,21.64,19.5,0,0
QB,Aaron Rodgers (7852091),Aaron Rodgers,7852091,6400,SEA@GB,GB,Aaron,Rodgers,Sea,21.75,18.6,0,0
WR,Brandin Cooks (7852274),Brandin Cooks,7852274,6400,NO@TB,NO,Brandin,Cooks,TB,11.7,14.3,2,0.171314741
RB,Jordan Howard (7852208),Jordan Howard,7852208,6400,CHI@DET,Chi,Jordan,Howard,Det,13.09,14,5,0.094470046
QB,Kirk Cousins (7852126),Kirk Cousins,7852126,6300,WAS@PHI,Was,Kirk,Cousins,Phi,19.25,19.3,0,0
RB,Doug Martin (7852237),Doug Martin,7852237,6200,NO@TB,TB,Doug,Martin,NO,11.37,11.5,8,0.03125
WR,Kelvin Benjamin (7852402),Kelvin Benjamin,7852402,6200,SD@CAR,Car,Kelvin,Benjamin,SD,11.74,13.3,2,0.222222222
QB,Andy Dalton (7852097),Andy Dalton,7852097,6100,CIN@CLE,Cin,Andy,Dalton,Cle,18.47,20.2,0,0
RB,Devonta Freeman (7852143),Devonta Freeman,7852143,6100,ATL@LA,Atl,Devonta,Freeman,LA,17.25,15.1,3,0.116113744
WR,Tyrell Williams (7852393),Tyrell Williams,7852393,6100,SD@CAR,SD,Tyrell,Williams,Car,14.37,15.7,1,0.200471698
WR,Alshon Jeffery (7852340),Alshon Jeffery,7852340,6000,CHI@DET,Chi,Alshon,Jeffery,Det,12.72,0,1,0.170506912
WR,Demaryius Thomas (7852292),Demaryius Thomas,7852292,6000,DEN@TEN,Den,Demaryius,Thomas,Ten,15.93,16.8,2,0.281862745
TE,Tyler Eifert (7852442),Tyler Eifert,7852442,6000,CIN@CLE,Cin,Tyler,Eifert,Cle,15.02,14.3,5,0.085011186
RB,Jay Ajayi (7852194),Jay Ajayi,7852194,5900,ARI@MIA,Mia,Jay,Ajayi,Ari,14.05,13.9,4,0.08401084
TE,Jordan Reed (7852478),Jordan Reed,7852478,5900,WAS@PHI,Was,Jordan,Reed,Phi,13.81,10.6,3,0.170081967
QB,Colin Kaepernick (7852106),Colin Kaepernick,7852106,5800,NYJ@SF,SF,Colin,Kaepernick,NYJ,18.79,18.7,0,0
WR,DeAndre Hopkins (7852305),DeAndre Hopkins,7852305,5800,HOU@IND,Hou,DeAndre,Hopkins,Ind,12.54,15,1,0.266514806
RB,Jeremy Hill (7852191),Jeremy Hill,7852191,5800,CIN@CLE,Cin,Jeremy,Hill,Cle,13.09,18.6,7,0.051454139
QB,Carson Palmer (7852123),Carson Palmer,7852123,5700,ARI@MIA,Ari,Carson,Palmer,Mia,18.81,18,0,0
WR,Emmanuel Sanders (7852290),Emmanuel Sanders,7852290,5700,DEN@TEN,Den,Emmanuel,Sanders,Ten,15.14,15.7,1,0.286764706
RB,Thomas Rawls (7852251),Thomas Rawls,7852251,5700,SEA@GB,Sea,Thomas,Rawls,GB,13.8,12,8,0.031007752
RB,DeAngelo Williams (7852219),DeAngelo Williams,7852219,5600,PIT@BUF,Pit,DeAngelo,Williams,Buf,0,3.4,6,0.048832272
RB,Jacquizz Rodgers (7852238),Jacquizz Rodgers,7852238,5600,NO@TB,TB,Jacquizz,Rodgers,NO,4.28,4.4,8,0.03125
WR,Jamison Crowder (7852379),Jamison Crowder,7852379,5600,WAS@PHI,Was,Jamison,Crowder,Phi,13.72,14.2,2,0.172131148
WR,Jarvis Landry (7852330),Jarvis Landry,7852330,5600,ARI@MIA,Mia,Jarvis,Landry,Ari,14.87,13.3,1,0.284552846
WR,Davante Adams (7852308),Davante Adams,7852308,5500,SEA@GB,GB,Davante,Adams,Sea,13.51,11.6,2,0.197580645
QB,Eli Manning (7852117),Eli Manning,7852117,5500,DAL@NYG,NYG,Eli,Manning,Dal,18.25,18.6,0,0
TE,Jimmy Graham (7852491),Jimmy Graham,7852491,5500,SEA@GB,Sea,Jimmy,Graham,GB,14.1,12.6,2,0.209302326
RB,Theo Riddick (7852151),Theo Riddick,7852151,5500,CHI@DET,Det,Theo,Riddick,Chi,0,0,4,0.156108597
RB,Jonathan Stewart (7852247),Jonathan Stewart,7852247,5400,SD@CAR,Car,Jonathan,Stewart,SD,13.49,11.6,7,0.037037037
WR,Jordan Matthews (7852317),Jordan Matthews,7852317,5400,WAS@PHI,Phi,Jordan,Matthews,Was,13.86,16.6,1,0.204954955
QB,Tyrod Taylor (7852111),Tyrod Taylor,7852111,5400,PIT@BUF,Buf,Tyrod,Taylor,PIT,18.84,16.8,0,0
QB,Brock Osweiler (7852093),Brock Osweiler,7852093,5300,HOU@IND,Hou,Brock,Osweiler,Ind,14.94,15.2,14,0.002277904
WR,DeVante Parker (7852331),DeVante Parker,7852331,5300,ARI@MIA,Mia,DeVante,Parker,Ari,12.29,11.1,2,0.181571816
RB,Mark Ingram (7852150),Mark Ingram,7852150,5300,NO@TB,NO,Mark,Ingram,TB,11.03,13,5,0.081673307
WR,Sammy Watkins (7852356),Sammy Watkins,7852356,5300,PIT@BUF,Buf,Sammy,Watkins,PIT,12.26,15,6,0.06162465
WR,DeSean Jackson (7852372),DeSean Jackson,7852372,5200,WAS@PHI,Was,DeSean,Jackson,Phi,12.75,13.7,4,0.163934426
WR,Kenny Britt (7852281),Kenny Britt,7852281,5200,ATL@LA,LA,Kenny,Britt,Atl,12.65,13.9,1,0.225490196
QB,Ryan Tannehill (7852104),Ryan Tannehill,7852104,5200,ARI@MIA,Mia,Ryan,Tannehill,Ari,0,14,0,0
WR,Willie Snead (7852273),Willie Snead,7852273,5200,NO@TB,NO,Willie,Snead,TB,10.31,13,3,0.153386454
QB,Carson Wentz (7852100),Carson Wentz,7852100,5100,WAS@PHI,Phi,Carson,Wentz,Was,15.1,15.9,0,0
RB,Lamar Miller (7852178),Lamar Miller,7852178,5100,HOU@IND,Hou,Lamar,Miller,Ind,14.27,13,5,0.08428246
QB,Trevor Siemian (7852087),Trevor Siemian,7852087,5100,DEN@TEN,Den,Trevor,Siemian,Ten,16.71,16.3,0,0
QB,AJ McCarron (7852098),AJ McCarron,7852098,5000,CIN@CLE,Cin,AJ,McCarron,Cle,0,0,0,0
WR,Allen Robinson (7852301),Allen Robinson,7852301,5000,MIN@JAX,Jax,Allen,Robinson,Min,11.72,13.7,1,0.244444444
RB,Ameer Abdullah (7852155),Ameer Abdullah,7852155,5000,CHI@DET,Det,Ameer,Abdullah,Chi,0,0,9,0.011312217
QB,Austin Davis (7852086),Austin Davis,7852086,5000,DEN@TEN,Den,Austin,Davis,Ten,0,0,0,0
QB,Blaine Gabbert (7852108),Blaine Gabbert,7852108,5000,NYJ@SF,SF,Blaine,Gabbert,NYJ,0,0,14,0.002666667
QB,Blake Bortles (7852088),Blake Bortles,7852088,5000,MIN@JAX,Jax,Blake,Bortles,Min,16.2,14.3,0,0
QB,Brandon Allen (7852089),Brandon Allen,7852089,5000,MIN@JAX,Jax,Brandon,Allen,Min,0,0,0,0
WR,Brandon LaFell (7852314),Brandon LaFell,7852314,5000,CIN@CLE,Cin,Brandon,LaFell,Cle,12.15,11.4,2,0.167785235
QB,Brandon Weeden (7852092),Brandon Weeden,7852092,5000,HOU@IND,Hou,Brandon,Weeden,Ind,0,0,0,0
QB,Brett Hundley (7852095),Brett Hundley,7852095,5000,SEA@GB,GB,Brett,Hundley,Sea,0,0,0,0
QB,Cardale Jones (7852116),Cardale Jones,7852116,5000,PIT@BUF,Buf,Cardale,Jones,PIT,0,0,0,0
QB,Case Keenum (7852081),Case Keenum,7852081,5000,ATL@LA,LA,Case,Keenum,Atl,0,0,0,0
QB,Chad Henne (7852085),Chad Henne,7852085,5000,MIN@JAX,Jax,Chad,Henne,Min,0,0,0,0
QB,Chase Daniel (7852096),Chase Daniel,7852096,5000,WAS@PHI,Phi,Chase,Daniel,Was,0,0,0,0
QB,Christian Ponder (7852107),Christian Ponder,7852107,5000,NYJ@SF,SF,Christian,Ponder,NYJ,0,0,0,0
QB,Colt McCoy (7852125),Colt McCoy,7852125,5000,WAS@PHI,Was,Colt,McCoy,Phi,0,0,0,0
QB,Dan Orlovsky (7852076),Dan Orlovsky,7852076,5000,CHI@DET,Det,Dan,Orlovsky,Chi,0,0,0,0
QB,David Fales (7852110),David Fales,7852110,5000,CHI@DET,Chi,David,Fales,Det,0,0,0,0
QB,Derek Anderson (7852133),Derek Anderson,7852133,5000,SD@CAR,Car,Derek,Anderson,SD,0,0,0,0
QB,Drew Stanton (7852124),Drew Stanton,7852124,5000,ARI@MIA,Ari,Drew,Stanton,Mia,0,0,0,0
QB,EJ Manuel (7852112),EJ Manuel,7852112,5000,PIT@BUF,Buf,EJ,Manuel,PIT,0,0,0,0
TE,Greg Olsen (7852490),Greg Olsen,7852490,5000,SD@CAR,Car,Greg,Olsen,SD,13.45,16.2,1,0.231481481
QB,Jake Rudock (7852079),Jake Rudock,7852079,5000,CHI@DET,Det,Jake,Rudock,Chi,0,0,0,0
QB,Jared Goff (7852084),Jared Goff,7852084,5000,ATL@LA,LA,Jared,Goff,Atl,11.89,15.1,0,0
QB,Jay Cutler (7852105),Jay Cutler,7852105,5000,CHI@DET,Chi,Jay,Cutler,Det,0,0,0,0
QB,Jeff Driskel (7852099),Jeff Driskel,7852099,5000,CIN@CLE,Cin,Jeff,Driskel,Cle,0,0,0,0
QB,Joe Webb (7852134),Joe Webb,7852134,5000,SD@CAR,Car,Joe,Webb,SD,0,0,11,0.002314815
QB,Josh Johnson (7852119),Josh Johnson,7852119,5000,DAL@NYG,NYG,Josh,Johnson,Dal,0,0,0,0
QB,Kellen Clemens (7852128),Kellen Clemens,7852128,5000,SD@CAR,SD,Kellen,Clemens,Car,0,0,0,0
QB,Landry Jones (7852120),Landry Jones,7852120,5000,PIT@BUF,Pit,Landry,Jones,Buf,0,0,0,0
QB,Luke McCown (7852077),Luke McCown,7852077,5000,NO@TB,NO,Luke,McCown,TB,0,0,0,0
QB,Matt Barkley (7852109),Matt Barkley,7852109,5000,CHI@DET,Chi,Matt,Barkley,Det,13.33,15.6,0,0
QB,Matt Moore (7852101),Matt Moore,7852101,5000,ARI@MIA,Mia,Matt,Moore,Ari,0,0,0,0
QB,Matt Schaub (7852072),Matt Schaub,7852072,5000,ATL@LA,Atl,Matt,Schaub,LA,0,0,0,0
QB,Mike Glennon (7852130),Mike Glennon,7852130,5000,NO@TB,TB,Mike,Glennon,NO,0,0,0,0
QB,Nate Sudfeld (7852127),Nate Sudfeld,7852127,5000,WAS@PHI,Was,Nate,Sudfeld,Phi,0,0,0,0
QB,Paxton Lynch (7852090),Paxton Lynch,7852090,5000,DEN@TEN,Den,Paxton,Lynch,Ten,0,0,0,0
WR,Randall Cobb (7852303),Randall Cobb,7852303,5000,SEA@GB,GB,Randall,Cobb,Sea,11.57,11,3,0.171370968
QB,Ryan Griffin (7852131),Ryan Griffin,7852131,5000,NO@TB,TB,Ryan,Griffin,NO,0,0,0,0
QB,Ryan Nassib (7852121),Ryan Nassib,7852121,5000,DAL@NYG,NYG,Ryan,Nassib,Dal,0,0,0,0
QB,Sean Mannion (7852083),Sean Mannion,7852083,5000,ATL@LA,LA,Sean,Mannion,Atl,0,0,0,0
RB,Todd Gurley (7852167),Todd Gurley,7852167,5000,ATL@LA,LA,Todd,Gurley,Atl,11.01,16.8,5,0.107843137
QB,Tom Savage (7852094),Tom Savage,7852094,5000,HOU@IND,Hou,Tom,Savage,Ind,0,0,0,0
QB,Trevone Boykin (7852137),Trevone Boykin,7852137,5000,SEA@GB,Sea,Trevone,Boykin,GB,0,0,0,0
QB,Zach Mettenberger (7852122),Zach Mettenberger,7852122,5000,PIT@BUF,Pit,Zach,Mettenberger,Buf,0,0,0,0
RB,Carlos Hyde (7852203),Carlos Hyde,7852203,4900,NYJ@SF,SF,Carlos,Hyde,NYJ,15.38,12.5,6,0.069333333
WR,Marvin Jones Jr. (7852271),Marvin Jones Jr.,7852271,4900,CHI@DET,Det,Marvin,Jones,Chi,9.62,12.5,2,0.196832579
RB,Rashad Jennings (7852220),Rashad Jennings,7852220,4900,DAL@NYG,NYG,Rashad,Jennings,Dal,11.81,9.2,5,0.072805139
WR,Tyler Boyd (7852324),Tyler Boyd,7852324,4900,CIN@CLE,Cin,Tyler,Boyd,Cle,11.8,13.2,3,0.147651007
TE,Zach Ertz (7852440),Zach Ertz,7852440,4900,WAS@PHI,Phi,Zach,Ertz,Was,11.67,11.6,2,0.15990991
RB,Devontae Booker (7852175),Devontae Booker,7852175,4800,DEN@TEN,Den,Devontae,Booker,Ten,8.04,12.6,5,0.068627451
WR,Dontrelle Inman (7852383),Dontrelle Inman,7852383,4800,SD@CAR,SD,Dontrelle,Inman,Car,11.58,9.9,2,0.176886792
RB,C.J. Prosise (7852252),C.J. Prosise,7852252,4700,SEA@GB,Sea,C.J.,Prosise,GB,0,0,6,0.051679587
RB,Mike Gillislee (7852214),Mike Gillislee,7852214,4600,PIT@BUF,Buf,Mike,Gillislee,PIT,6.42,3,10,0.030812325
WR,Sterling Shepard (7852369),Sterling Shepard,7852369,4600,DAL@NYG,NYG,Sterling,Shepard,Dal,11.34,13.8,2,0.173447537
WR,Anquan Boldin (7852268),Anquan Boldin,7852268,4500,CHI@DET,Det,Anquan,Boldin,Chi,9.62,12.2,3,0.174208145
RB,Tim Hightower (7852146),Tim Hightower,7852146,4500,NO@TB,NO,Tim,Hightower,TB,7.28,10.4,9,0.039840637
WR,Will Fuller (7852311),Will Fuller,7852311,4500,HOU@IND,Hou,Will,Fuller,Ind,9.54,9.3,3,0.15261959
RB,Alfred Blue (7852180),Alfred Blue,7852180,4400,HOU@IND,Hou,Alfred,Blue,Ind,4.88,3.4,10,0.013667426
RB,Darren Sproles (7852186),Darren Sproles,7852186,4400,WAS@PHI,Phi,Darren,Sproles,Was,0,9.6,4,0.13963964
RB,Fitzgerald Toussaint (7852223),Fitzgerald Toussaint,7852223,4300,PIT@BUF,Pit,Fitzgerald,Toussaint,Buf,1.12,0,13,0.002123142
WR,Taylor Gabriel (7852266),Taylor Gabriel,7852266,4300,ATL@LA,Atl,Taylor,Gabriel,LA,13.75,12.3,4,0.08056872
WR,Mohamed Sanu (7852260),Mohamed Sanu,7852260,4200,ATL@LA,Atl,Mohamed,Sanu,LA,13.95,0,2,0.177725118
WR,Pierre Garcon (7852373),Pierre Garcon,7852373,4200,WAS@PHI,Was,Pierre,Garcon,Phi,13.04,13.1,1,0.182377049
RB,Rob Kelley (7852235),Rob Kelley,7852235,4200,WAS@PHI,Was,Rob,Kelley,Phi,0,12.1,9,0.020491803
TE,Cameron Brate (7852486),Cameron Brate,7852486,4100,NO@TB,TB,Cameron,Brate,NO,11.5,10.4,2,0.15625
RB,Jeremy Langford (7852204),Jeremy Langford,7852204,4100,CHI@DET,Chi,Jeremy,Langford,Det,3.97,4.2,8,0.048387097
WR,Travis Benjamin (7852384),Travis Benjamin,7852384,4100,SD@CAR,SD,Travis,Benjamin,Car,6.12,8.9,3,0.158018868
RB,Benny Cunningham (7852163),Benny Cunningham,7852163,4000,ATL@LA,LA,Benny,Cunningham,Atl,0,0,6,0.051470588
WR,Cameron Meredith (7852344),Cameron Meredith,7852344,4000,CHI@DET,Chi,Cameron,Meredith,Det,10.04,12.5,2,0.149769585
RB,Charles Sims (7852240),Charles Sims,7852240,4000,NO@TB,TB,Charles,Sims,NO,9.82,4.8,7,0.040178571
RB,Kapri Bibbs (7852172),Kapri Bibbs,7852172,4000,DEN@TEN,Den,Kapri,Bibbs,Ten,0,0,12,0.009803922
RB,Ryan Mathews (7852188),Ryan Mathews,7852188,4000,WAS@PHI,Phi,Ryan,Mathews,Was,10.83,6.4,9,0.024774775
RB,Shane Vereen (7852221),Shane Vereen,7852221,4000,DAL@NYG,NYG,Shane,Vereen,Dal,7.2,7.6,10,0.029978587
WR,Ted Ginn Jr. (7852394),Ted Ginn Jr.,7852394,4000,SD@CAR,Car,Ted,Ginn,SD,10.19,9.1,3,0.157407407
RB,Tevin Coleman (7852144),Tevin Coleman,7852144,4000,ATL@LA,Atl,Tevin,Coleman,LA,13.95,8.9,5,0.071090047
TE,C.J. Fiedorowicz (7852435),C.J. Fiedorowicz,7852435,3900,HOU@IND,Hou,C.J.,Fiedorowicz,Ind,0,9,2,0.154897494
RB,Damien Williams (7852197),Damien Williams,7852197,3900,ARI@MIA,Mia,Damien,Williams,Ari,3.33,4.8,6,0.059620596
RB,DuJuan Harris (7852202),DuJuan Harris,7852202,3900,NYJ@SF,SF,DuJuan,Harris,NYJ,0,2.3,10,0.024
TE,Ladarius Green (7852470),Ladarius Green,7852470,3900,PIT@BUF,Pit,Ladarius,Green,Buf,11.42,9.3,8,0.042462845
WR,Michael Floyd (7852374),Michael Floyd,7852374,3900,ARI@MIA,Ari,Michael,Floyd,Mia,0,11.2,3,0.137596899
WR,Robert Woods (7852354),Robert Woods,7852354,3900,PIT@BUF,Buf,Robert,Woods,PIT,8.91,7.2,1,0.179271709
WR,Tavon Austin (7852283),Tavon Austin,7852283,3900,ATL@LA,LA,Tavon,Austin,Atl,8.71,12.1,2,0.191176471
WR,Ty Montgomery (7852307),Ty Montgomery,7852307,3900,SEA@GB,GB,Ty,Montgomery,Sea,12.29,7.6,4,0.08266129
TE,Antonio Gates (7852481),Antonio Gates,7852481,3800,SD@CAR,SD,Antonio,Gates,Car,11.22,12,4,0.143867925
RB,Cameron Artis-Payne (7852254),Cameron Artis-Payne,7852254,3800,SD@CAR,Car,Cameron,Artis-Payne,SD,0,0,11,0.002314815
WR,Eli Rogers (7852368),Eli Rogers,7852368,3800,PIT@BUF,Pit,Eli,Rogers,Buf,7.56,8.9,4,0.097664544
TE,Eric Ebron (7852418),Eric Ebron,7852418,3800,CHI@DET,Det,Eric,Ebron,Chi,8.97,10.5,5,0.126696833
RB,James Starks (7852176),James Starks,7852176,3800,SEA@GB,GB,James,Starks,Sea,0,6.6,7,0.050403226
WR,John Brown (7852375),John Brown,7852375,3800,ARI@MIA,Ari,John,Brown,Mia,5.93,7.8,4,0.122093023
WR,Marquess Wilson (7852343),Marquess Wilson,7852343,3800,CHI@DET,Chi,Marquess,Wilson,Det,0,0,10,0.036866359
RB,Paul Perkins (7852228),Paul Perkins,7852228,3800,DAL@NYG,NYG,Paul,Perkins,Dal,6.94,2.4,8,0.040685225
RB,T.J. Yeldon (7852173),T.J. Yeldon,7852173,3800,MIN@JAX,Jax,T.J.,Yeldon,Min,11.09,14.8,4,0.109090909
RB,Wendell Smallwood (7852192),Wendell Smallwood,7852192,3800,WAS@PHI,Phi,Wendell,Smallwood,Was,0,5.2,7,0.027027027
WR,Adam Humphries (7852391),Adam Humphries,7852391,3700,NO@TB,TB,Adam,Humphries,Ten,8.9,0,2,0.15625
RB,Chris Ivory (7852168),Chris Ivory,7852168,3700,MIN@JAX,Jax,Chris,Ivory,NO,8.06,0,7,0.042424242
RB,Chris Thompson (7852232),Chris Thompson,7852232,3700,WAS@PHI,Was,Chris,Thompson,Min,7.99,8.3,5,0.092213115
TE,Coby Fleener (7852416),Coby Fleener,7852416,3700,NO@TB,NO,Coby,Fleener,Phi,8.13,9,4,0.131474104
RB,Kenneth Farrow (7852244),Kenneth Farrow,7852244,3700,SD@CAR,SD,Kenneth,Farrow,TB,12.59,2.1,10,0.007075472
WR,Kenny Stills (7852329),Kenny Stills,7852329,3700,ARI@MIA,Mia,Kenny,Stills,Car,10.16,6.8,3,0.151761518
WR,Marqise Lee (7852298),Marqise Lee,7852298,3700,MIN@JAX,Jax,Marqise,Lee,Ari,11.09,11.4,2,0.163636364
WR,Paul Turner (7852318),Paul Turner,7852318,3700,WAS@PHI,Phi,Paul,Turner,Min,4.56,5.2,10,0.018018018
WR,Tyler Lockett (7852401),Tyler Lockett,7852401,3700,SEA@GB,Sea,Tyler,Lockett,Was,9.95,9.4,4,0.139534884
WR,Dorial Green-Beckham (7852320),Dorial Green-Beckham,7852320,3600,WAS@PHI,Phi,Dorial,Green-Beckham,GB,8.77,0,3,0.148648649
WR,J.J. Nelson (7852377),J.J. Nelson,7852377,3600,ARI@MIA,Ari,J.J.,Nelson,Was,10.58,9.5,5,0.085271318
RB,Kenjon Barner (7852189),Kenjon Barner,7852189,3600,WAS@PHI,Phi,Kenjon,Barner,Mia,6.2,1.1,12,0.015765766
RB,Andre Ellington (7852229),Andre Ellington,7852229,3500,ARI@MIA,Ari,Andre,Ellington,Was,2.56,2.9,8,0.031007752
RB,Dwayne Washington (7852157),Dwayne Washington,7852157,3500,CHI@DET,Det,Dwayne,Washington,Chi,11.05,11.1,8,0.015837104
RB,Rex Burkhead (7852190),Rex Burkhead,7852190,3500,CIN@CLE,Cin,Rex,Burkhead,Mia,7.55,7.7,10,0.022371365
WR,Russell Shepard (7852385),Russell Shepard,7852385,3500,NO@TB,TB,Russell,Shepard,Chi,5.77,6.8,6,0.053571429
WR,Torrey Smith (7852338),Torrey Smith,7852338,3500,NYJ@SF,SF,Torrey,Smith,Cle,0,8,3,0.136
TE,Vernon Davis (7852475),Vernon Davis,7852475,3500,WAS@PHI,Was,Vernon,Davis,NO,4.93,2.9,5,0.092213115
WR,Allen Hurns (7852296),Allen Hurns,7852296,3400,MIN@JAX,Jax,Allen,Hurns,NYJ,0,0,3,0.157575758
WR,Jeremy Kerley (7852339),Jeremy Kerley,7852339,3400,NYJ@SF,SF,Jeremy,Kerley,Phi,9.89,10.3,1,0.218666667
WR,Marquise Goodwin (7852351),Marquise Goodwin,7852351,3400,PIT@BUF,Buf,Marquise,Goodwin,Cle,6.58,5.8,3,0.148459384
RB,Matt Jones (7852236),Matt Jones,7852236,3400,WAS@PHI,Was,Matt,Jones,Min,0,0,8,0.022540984
RB,Christine Michael (7852179),Christine Michael,7852179,3300,SEA@GB,GB,Christine,Michael,NYJ,7.15,2.4,0,0
WR,Devin Funchess (7852403),Devin Funchess,7852403,3300,SD@CAR,Car,Devin,Funchess,PIT,6.55,6.5,4,0.115740741
WR,Victor Cruz (7852360),Victor Cruz,7852360,3300,DAL@NYG,NYG,Victor,Cruz,Phi,6.64,8.6,3,0.109207709
RB,Denard Robinson (7852169),Denard Robinson,7852169,3200,MIN@JAX,Jax,Denard,Robinson,Sea,0,0,13,0.008080808
WR,Nelson Agholor (7852322),Nelson Agholor,7852322,3200,WAS@PHI,Phi,Nelson,Agholor,SD,5.23,6.7,5,0.130630631
WR,Percy Harvin (7852350),Percy Harvin,7852350,3200,PIT@BUF,Buf,Percy,Harvin,Dal,0,0,14,0.011204482
WR,Quinton Patton (7852345),Quinton Patton,7852345,3200,NYJ@SF,SF,Quinton,Patton,Min,8.21,10,2,0.149333333
WR,Brian Quick (7852282),Brian Quick,7852282,3100,ATL@LA,LA,Brian,Quick,Was,8.12,7.9,4,0.144607843
WR,Eddie Royal (7852336),Eddie Royal,7852336,3100,CHI@DET,Chi,Eddie,Royal,PIT,0,0,4,0.103686636
WR,Aaron Burbridge (7852347),Aaron Burbridge,7852347,3000,NYJ@SF,SF,Aaron,Burbridge,NYJ,0,1.6,11,0.021333333
RB,Aaron Ripkowski (7852183),Aaron Ripkowski,7852183,3000,SEA@GB,GB,Aaron,Ripkowski,Mia,0,1.4,0,0
RB,Akeem Hunt (7852185),Akeem Hunt,7852185,3000,HOU@IND,Hou,Akeem,Hunt,Atl,0,0,12,0.004555809
WR,Aldrick Robinson (7852258),Aldrick Robinson,7852258,3000,ATL@LA,Atl,Aldrick,Robinson,Det,9.31,8.1,9,0.045023697
RB,Alex Collins (7852255),Alex Collins,7852255,3000,SEA@GB,Sea,Alex,Collins,LA,4.11,0,11,0.007751938
WR,Alex Erickson (7852319),Alex Erickson,7852319,3000,CIN@CLE,Cin,Alex,Erickson,NYJ,0,1.3,11,0.011185682
WR,Andre Roberts (7852269),Andre Roberts,7852269,3000,CHI@DET,Det,Andre,Roberts,Sea,3.47,1.6,6,0.047511312
WR,Arrelious Benn (7852293),Arrelious Benn,7852293,3000,MIN@JAX,Jax,Arrelious,Benn,Ind,1.87,3.5,11,0.018181818
WR,Bennie Fowler (7852294),Bennie Fowler,7852294,3000,DEN@TEN,Den,Bennie,Fowler,LA,4.13,0,7,0.044117647
RB,Bobby Rainey (7852222),Bobby Rainey,7852222,3000,DAL@NYG,NYG,Bobby,Rainey,GB,0,0,6,0.047109208
WR,Bradley Marquez (7852285),Bradley Marquez,7852285,3000,ATL@LA,LA,Bradley,Marquez,Cle,1.66,0,8,0.019607843
WR,Brandon Coleman (7852272),Brandon Coleman,7852272,3000,NO@TB,NO,Brandon,Coleman,Chi,4.87,1.3,7,0.049800797
WR,Brandon Tate (7852348),Brandon Tate,7852348,3000,PIT@BUF,Buf,Brandon,Tate,Min,0,0,10,0.030812325
WR,Braxton Miller (7852306),Braxton Miller,7852306,3000,HOU@IND,Hou,Braxton,Miller,Ten,0,0,6,0.063781321
WR,Brenton Bersin (7852397),Brenton Bersin,7852397,3000,SD@CAR,Car,Brenton,Bersin,Dal,0,0,10,0.00462963
WR,Brittan Golden (7852381),Brittan Golden,7852381,3000,ARI@MIA,Ari,Brittan,Golden,Atl,0,0,10,0.011627907
WR,Bryan Walters (7852291),Bryan Walters,7852291,3000,MIN@JAX,Jax,Bryan,Walters,TB,2.95,7.9,10,0.02020202
WR,Bryce Treggs (7852321),Bryce Treggs,7852321,3000,WAS@PHI,Phi,Bryce,Treggs,PIT,0,3.9,10,0.018018018
RB,Cedric Peerman (7852187),Cedric Peerman,7852187,3000,CIN@CLE,Cin,Cedric,Peerman,Ind,0,0,0,0
RB,Chase Reynolds (7852158),Chase Reynolds,7852158,3000,ATL@LA,LA,Chase,Reynolds,SD,0,0,0,0
WR,Chris Harper (7852346),Chris Harper,7852346,3000,NYJ@SF,SF,Chris,Harper,Mia,0,0,9,0.026666667
WR,Cobi Hamilton (7852365),Cobi Hamilton,7852365,3000,PIT@BUF,Pit,Cobi,Hamilton,Min,4.33,4.6,7,0.04670913
WR,Cody Core (7852323),Cody Core,7852323,3000,CIN@CLE,Cin,Cody,Core,Was,2.95,0,12,0.006711409
WR,Cody Latimer (7852300),Cody Latimer,7852300,3000,DEN@TEN,Den,Cody,Latimer,Cle,2.93,1.7,11,0.014705882
WR,Corey Brown (7852399),Corey Brown,7852399,3000,SD@CAR,Car,Corey,Brown,Atl,0,4.6,5,0.094907407
RB,Corey Grant (7852171),Corey Grant,7852171,3000,MIN@JAX,Jax,Corey,Grant,NYJ,0,0,14,0.002020202
RB,Daniel Lasco (7852156),Daniel Lasco,7852156,3000,NO@TB,NO,Daniel,Lasco,Buf,0,0,12,0.007968127
WR,Darrius Heyward-Bey (7852361),Darrius Heyward-Bey,7852361,3000,PIT@BUF,Pit,Darrius,Heyward-Bey,Cle,0,0,10,0.033970276
RB,Daryl Richardson (7852227),Daryl Richardson,7852227,3000,PIT@BUF,Pit,Daryl,Richardson,Ten,0,0,0,0
WR,Deonte Thompson (7852337),Deonte Thompson,7852337,3000,CHI@DET,Chi,Deonte,Thompson,SD,2.73,10,9,0.041474654
RB,Derek Watt (7852243),Derek Watt,7852243,3000,SD@CAR,SD,Derek,Watt,Min,0,0,0,0
WR,Dwayne Harris (7852362),Dwayne Harris,7852362,3000,DAL@NYG,NYG,Dwayne,Harris,TB,0,0,14,0.004282655
WR,Eric Weems (7852256),Eric Weems,7852256,3000,ATL@LA,Atl,Eric,Weems,Buf,0,0,0,0
RB,Fozzy Whittaker (7852248),Fozzy Whittaker,7852248,3000,SD@CAR,Car,Fozzy,Whittaker,Buf,4.94,4.1,6,0.069444444
WR,Freddie Martino (7852389),Freddie Martino,7852389,3000,NO@TB,TB,Freddie,Martino,Det,2.66,8.7,11,0.017857143
RB,George Farmer (7852250),George Farmer,7852250,3000,SEA@GB,Sea,George,Farmer,Car,0,0,11,0.007751938
WR,Geremy Davis (7852387),Geremy Davis,7852387,3000,SD@CAR,SD,Geremy,Davis,Dal,0,0,0,0
WR,Geronimo Allison (7852313),Geronimo Allison,7852313,3000,SEA@GB,GB,Geronimo,Allison,LA,0,0,9,0.016129032
WR,Isaiah Burse (7852388),Isaiah Burse,7852388,3000,SD@CAR,SD,Isaiah,Burse,SD,0,0,14,0.002358491
WR,Jaelen Strong (7852310),Jaelen Strong,7852310,3000,HOU@IND,Hou,Jaelen,Strong,NO,0,0,7,0.054669704
WR,Jake Lampman (7852277),Jake Lampman,7852277,3000,NO@TB,NO,Jake,Lampman,GB,0,0,0,0
WR,Jakeem Grant (7852332),Jakeem Grant,7852332,3000,ARI@MIA,Mia,Jakeem,Grant,Car,0,0,13,0.002710027
WR,James Wright (7852316),James Wright,7852316,3000,CIN@CLE,Cin,James,Wright,Sea,0,0,8,0.042505593
RB,Jay Prosch (7852181),Jay Prosch,7852181,3000,HOU@IND,Hou,Jay,Prosch,Car,0,1.1,0,0
WR,Jeff Janis (7852312),Jeff Janis,7852312,3000,SEA@GB,GB,Jeff,Janis,Ind,2.59,1.2,8,0.036290323
WR,Jeremy Butler (7852392),Jeremy Butler,7852392,3000,SD@CAR,SD,Jeremy,Butler,TB,0,1.4,12,0.004716981
WR,Jermaine Kearse (7852396),Jermaine Kearse,7852396,3000,SEA@GB,Sea,Jermaine,Kearse,Ari,6.66,9.4,3,0.173126615
RB,Jerome Felton (7852210),Jerome Felton,7852210,3000,PIT@BUF,Buf,Jerome,Felton,Cle,0,0,0,0
RB,Joe Kerridge (7852184),Joe Kerridge,7852184,3000,SEA@GB,GB,Joe,Kerridge,Ind,0,0,0,0
RB,John Kuhn (7852148),John Kuhn,7852148,3000,NO@TB,NO,John,Kuhn,Sea,2.72,2.2,0,0
RB,Jonathan Grimes (7852177),Jonathan Grimes,7852177,3000,HOU@IND,Hou,Jonathan,Grimes,Car,1.54,1.9,9,0.018223235
RB,Jonathan Williams (7852218),Jonathan Williams,7852218,3000,PIT@BUF,Buf,Jonathan,Williams,GB,0,0,15,0.005602241
WR,Jordan Norwood (7852289),Jordan Norwood,7852289,3000,DEN@TEN,Den,Jordan,Norwood,PIT,0,2.3,3,0.078431373
WR,Jordan Taylor (7852297),Jordan Taylor,7852297,3000,DEN@TEN,Den,Jordan,Taylor,Sea,0,3.8,8,0.036764706
WR,Justin Hardy (7852262),Justin Hardy,7852262,3000,ATL@LA,Atl,Justin,Hardy,TB,5.84,5.8,8,0.047393365
WR,Justin Hunter (7852352),Justin Hunter,7852352,3000,PIT@BUF,Buf,Justin,Hunter,Ind,3.23,2.6,7,0.056022409
RB,Juwan Thompson (7852170),Juwan Thompson,7852170,3000,DEN@TEN,Den,Juwan,Thompson,PIT,0,1.1,0,0
RB,Ka'Deem Carey (7852205),Ka'Deem Carey,7852205,3000,CHI@DET,Chi,Ka'Deem,Carey,Ten,1.88,2.4,12,0.016129032
WR,Keith Mumphery (7852304),Keith Mumphery,7852304,3000,HOU@IND,Hou,Keith,Mumphery,Ten,5.95,2,12,0.004555809
RB,Kenyan Drake (7852199),Kenyan Drake,7852199,3000,ARI@MIA,Mia,Kenyan,Drake,LA,1.58,1.4,11,0.024390244
RB,Kerwynn Williams (7852231),Kerwynn Williams,7852231,3000,ARI@MIA,Ari,Kerwynn,Williams,PIT,0,0,0,0
WR,Leonte Carroo (7852335),Leonte Carroo,7852335,3000,ARI@MIA,Mia,Leonte,Carroo,Ten,2.74,0,12,0.013550136
RB,Mack Brown (7852234),Mack Brown,7852234,3000,WAS@PHI,Was,Mack,Brown,Det,0,0,0,0
RB,Malcolm Brown (7852165),Malcolm Brown,7852165,3000,ATL@LA,LA,Malcolm,Brown,Ind,1.12,3,11,0.004901961
RB,Marcus Murphy (7852152),Marcus Murphy,7852152,3000,NO@TB,NO,Marcus,Murphy,Ari,0,0,13,0.001992032
WR,Marlon Brown (7852295),Marlon Brown,7852295,3000,DEN@TEN,Den,Marlon,Brown,Mia,0,0,0,0
WR,Marquis Bundy (7852382),Marquis Bundy,7852382,3000,ARI@MIA,Ari,Marquis,Bundy,Ari,0,0,0,0
WR,Maurice Harris (7852380),Maurice Harris,7852380,3000,WAS@PHI,Was,Maurice,Harris,Phi,0,0,10,0.018442623
RB,Mike Davis (7852207),Mike Davis,7852207,3000,NYJ@SF,SF,Mike,Davis,Atl,0,0,13,0.013333333
WR,Mike Thomas (7852288),Mike Thomas,7852288,3000,ATL@LA,LA,Mike,Thomas,TB,0,0,10,0.007352941
RB,Mike Tolbert (7852246),Mike Tolbert,7852246,3000,SD@CAR,Car,Mike,Tolbert,Ten,0,1.7,0,0
RB,Patrick DiMarco (7852139),Patrick DiMarco,7852139,3000,ATL@LA,Atl,Patrick,DiMarco,Mia,0,0,0,0
RB,Paul Lasike (7852206),Paul Lasike,7852206,3000,CHI@DET,Chi,Paul,Lasike,Phi,0,0,0,0
WR,Paul Richardson (7852398),Paul Richardson,7852398,3000,SEA@GB,Sea,Paul,Richardson,NYJ,0,3.9,5,0.062015504
RB,Peyton Barber (7852245),Peyton Barber,7852245,3000,NO@TB,TB,Peyton,Barber,Atl,0,0,12,0.015625
WR,Pharoh Cooper (7852287),Pharoh Cooper,7852287,3000,ATL@LA,LA,Pharoh,Cooper,SD,0,2,9,0.017156863
WR,Rashad Ross (7852378),Rashad Ross,7852378,3000,WAS@PHI,Was,Rashad,Ross,LA,0,0,13,0.004098361
RB,Reggie Bush (7852209),Reggie Bush,7852209,3000,PIT@BUF,Buf,Reggie,Bush,Det,0,2.3,8,0.033613445
WR,Rod Streater (7852341),Rod Streater,7852341,3000,NYJ@SF,SF,Rod,Streater,GB,4.74,2.9,8,0.042666667
WR,Roger Lewis (7852370),Roger Lewis,7852370,3000,DAL@NYG,NYG,Roger,Lewis,NO,3.13,1.2,9,0.03640257
RB,Ronnie Hillman (7852241),Ronnie Hillman,7852241,3000,SD@CAR,SD,Ronnie,Hillman,Atl,7.64,0,0,0
RB,Roosevelt Nix (7852226),Roosevelt Nix,7852226,3000,PIT@BUF,Pit,Roosevelt,Nix,Phi,0,0,0,0
WR,Ryan Grant (7852376),Ryan Grant,7852376,3000,WAS@PHI,Was,Ryan,Grant,PIT,0,2.3,7,0.036885246
WR,Sammie Coates (7852367),Sammie Coates,7852367,3000,PIT@BUF,Pit,Sammie,Coates,NYJ,2.99,1.9,5,0.091295117
RB,Shaun Draughn (7852201),Shaun Draughn,7852201,3000,NYJ@SF,SF,Shaun,Draughn,Dal,4.91,3.4,6,0.069333333
RB,Stepfan Taylor (7852230),Stepfan Taylor,7852230,3000,ARI@MIA,Ari,Stepfan,Taylor,Car,0,0,0,0
WR,Tanner McEvoy (7852400),Tanner McEvoy,7852400,3000,SEA@GB,Sea,Tanner,McEvoy,Buf,4.55,0,9,0.012919897
WR,Tavarres King (7852364),Tavarres King,7852364,3000,DAL@NYG,NYG,Tavarres,King,Phi,0,0,13,0.006423983
RB,Terron Ward (7852142),Terron Ward,7852142,3000,ATL@LA,Atl,Terron,Ward,Buf,0,0,12,0.004739336
WR,Tommylee Lewis (7852275),Tommylee Lewis,7852275,3000,NO@TB,NO,Tommylee,Lewis,NYJ,0,0,11,0.021912351
RB,Travaris Cadet (7852149),Travaris Cadet,7852149,3000,NO@TB,NO,Travaris,Cadet,Mia,4.28,1.1,5,0.081673307
WR,Trevor Davis (7852309),Trevor Davis,7852309,3000,SEA@GB,GB,Trevor,Davis,GB,0,0,9,0.016129032
RB,Troymaine Pope (7852253),Troymaine Pope,7852253,3000,SEA@GB,Sea,Troymaine,Pope,Dal,0,2.8,15,0.002583979
RB,Tyler Ervin (7852182),Tyler Ervin,7852182,3000,HOU@IND,Hou,Tyler,Ervin,LA,0,0,11,0.011389522
TE,Vance McDonald (7852459),Vance McDonald,7852459,3000,NYJ@SF,SF,Vance,McDonald,TB,0,6.5,4,0.117333333
RB,Will Tukuafu (7852249),Will Tukuafu,7852249,3000,SEA@GB,Sea,Will,Tukuafu,TB,0,0,0,0
RB,Zach Zenner (7852154),Zach Zenner,7852154,3000,CHI@DET,Det,Zach,Zenner,Sea,7.21,7.8,0,0
TE,Hunter Henry (7852489),Hunter Henry,7852489,2900,SD@CAR,SD,Hunter,Henry,GB,7.81,7.1,6,0.094339623
TE,Julius Thomas (7852428),Julius Thomas,7852428,2800,MIN@JAX,Jax,Julius,Thomas,Ind,0,0,4,0.109090909
TE,Lance Kendricks (7852420),Lance Kendricks,7852420,2800,ATL@LA,LA,Lance,Kendricks,NYJ,8.2,10.1,3,0.178921569
TE,Will Tye (7852471),Will Tye,7852471,2800,DAL@NYG,NYG,Will,Tye,GB,8.31,8.3,4,0.107066381
TE,Jared Cook (7852433),Jared Cook,7852433,2700,SEA@GB,GB,Jared,Cook,Chi,7.57,7.1,6,0.060483871
TE,Charles Clay (7852464),Charles Clay,7852464,2600,PIT@BUF,Buf,Charles,Clay,GB,9.31,8.3,2,0.173669468
TE,Richard Rodgers (7852437),Richard Rodgers,7852437,2600,SEA@GB,GB,Richard,Rodgers,Car,4.75,3.8,4,0.08266129
TE,A.J. Derby (7852427),A.J. Derby,7852427,2500,DEN@TEN,Den,A.J.,Derby,Was,0,6,9,0.022058824
TE,Alan Cross (7852488),Alan Cross,7852488,2500,NO@TB,TB,Alan,Cross,SD,0,0,0,0
TE,Alex Ellis (7852431),Alex Ellis,7852431,2500,MIN@JAX,Jax,Alex,Ellis,Min,0,0,0,0
TE,Asante Cleveland (7852487),Asante Cleveland,7852487,2500,SD@CAR,SD,Asante,Cleveland,Atl,0,0,0,0
TE,Austin Hooper (7852411),Austin Hooper,7852411,2500,ATL@LA,Atl,Austin,Hooper,Dal,2.56,6.3,7,0.059241706
TE,Ben Braunecker (7852463),Ben Braunecker,7852463,2500,CHI@DET,Chi,Ben,Braunecker,Buf,2.53,6.7,14,0.004608295
TE,Ben Koyack (7852432),Ben Koyack,7852432,2500,MIN@JAX,Jax,Ben,Koyack,Ind,4.32,5.1,8,0.028282828
TE,Blake Bell (7852460),Blake Bell,7852460,2500,NYJ@SF,SF,Blake,Bell,Sea,4.7,0,12,0.016
TE,Brandon Myers (7852482),Brandon Myers,7852482,2500,NO@TB,TB,Brandon,Myers,Phi,1.98,0,10,0.020089286
TE,Brandon Pettigrew (7852412),Brandon Pettigrew,7852412,2500,CHI@DET,Det,Brandon,Pettigrew,PIT,0,0,0,0
TE,Brandon Williams (7852494),Brandon Williams,7852494,2500,SEA@GB,Sea,Brandon,Williams,Sea,0,0,13,0.005167959
TE,Brent Celek (7852439),Brent Celek,7852439,2500,WAS@PHI,Phi,Brent,Celek,NYJ,0,1.3,7,0.027027027
TE,C.J. Uzomah (7852446),C.J. Uzomah,7852446,2500,CIN@CLE,Cin,C.J.,Uzomah,Car,0,0,6,0.064876957
TE,Chris Manhertz (7852495),Chris Manhertz,7852495,2500,SD@CAR,Car,Chris,Manhertz,Ari,0,0,0,0
TE,Clay Harbor (7852413),Clay Harbor,7852413,2500,CHI@DET,Det,Clay,Harbor,Dal,0,2,11,0.00678733
TE,Cory Harkey (7852422),Cory Harkey,7852422,2500,ATL@LA,LA,Cory,Harkey,Sea,0,0,0,0
TE,Daniel Brown (7852462),Daniel Brown,7852462,2500,CHI@DET,Chi,Daniel,Brown,Ten,0,6.4,12,0.016129032
TE,Darren Fells (7852476),Darren Fells,7852476,2500,ARI@MIA,Ari,Darren,Fells,NO,2.3,1.5,8,0.031007752
TE,David Johnson (7852468),David Johnson,7852468,2500,PIT@BUF,Pit,David,Johnson,Min,0,0,12,0.01910828
TE,Derek Carrier (7852479),Derek Carrier,7852479,2500,WAS@PHI,Was,Derek,Carrier,Car,0,0,13,0.004098361
TE,Dion Sims (7852449),Dion Sims,7852449,2500,ARI@MIA,Mia,Dion,Sims,LA,7.82,3.4,5,0.067750678
TE,Dominique Jones (7852453),Dominique Jones,7852453,2500,ARI@MIA,Mia,Dominique,Jones,Det,2.48,2,8,0.032520325
TE,Ed Dickson (7852492),Ed Dickson,7852492,2500,SD@CAR,Car,Ed,Dickson,Min,2.64,1.4,7,0.037037037
TE,Garrett Celek (7852458),Garrett Celek,7852458,2500,NYJ@SF,SF,Garrett,Celek,NYJ,8.26,4.4,5,0.093333333
TE,Hakeem Valles (7852480),Hakeem Valles,7852480,2500,ARI@MIA,Ari,Hakeem,Valles,NO,0,0,12,0.003875969
TE,Je'Ron Hamm (7852461),Je'Ron Hamm,7852461,2500,NYJ@SF,SF,Je'Ron,Hamm,Chi,0,0,0,0
TE,Jeff Heuerman (7852430),Jeff Heuerman,7852430,2500,DEN@TEN,Den,Jeff,Heuerman,GB,0,0,13,0.007352941
TE,Jerell Adams (7852474),Jerell Adams,7852474,2500,DAL@NYG,NYG,Jerell,Adams,Was,2.71,2.4,10,0.029978587
TE,Jermaine Gresham (7852477),Jermaine Gresham,7852477,2500,ARI@MIA,Ari,Jermaine,Gresham,Cle,9.5,7.4,6,0.083333333
TE,Jesse James (7852473),Jesse James,7852473,2500,PIT@BUF,Pit,Jesse,James,SD,3.6,2.4,3,0.106157113
TE,John Phillips (7852414),John Phillips,7852414,2500,NO@TB,NO,John,Phillips,Chi,3.1,3.1,13,0.001992032
TE,Josh Hill (7852417),Josh Hill,7852417,2500,NO@TB,NO,Josh,Hill,Atl,0,0,8,0.041832669
TE,Joshua Perkins (7852410),Joshua Perkins,7852410,2500,ATL@LA,Atl,Joshua,Perkins,Det,0,1.3,0,0
TE,Larry Donnell (7852469),Larry Donnell,7852469,2500,DAL@NYG,NYG,Larry,Donnell,Mia,0,0,7,0.04496788
TE,Levine Toilolo (7852406),Levine Toilolo,7852406,2500,ATL@LA,Atl,Levine,Toilolo,Buf,4.04,2,10,0.033175355
TE,Logan Paulsen (7852455),Logan Paulsen,7852455,2500,CHI@DET,Chi,Logan,Paulsen,Phi,2.02,2.7,11,0.023041475
TE,Luke Stocker (7852484),Luke Stocker,7852484,2500,NO@TB,TB,Luke,Stocker,Ari,0,0,14,0.011160714
TE,Luke Willson (7852493),Luke Willson,7852493,2500,SEA@GB,Sea,Luke,Willson,Ari,2.29,1.4,7,0.033591731
TE,MarQueis Gray (7852448),MarQueis Gray,7852448,2500,ARI@MIA,Mia,MarQueis,Gray,SD,0,1.7,7,0.037940379
TE,Matthew Mulligan (7852415),Matthew Mulligan,7852415,2500,CHI@DET,Det,Matthew,Mulligan,NYJ,0,0,0,0
TE,Neal Sterling (7852429),Neal Sterling,7852429,2500,MIN@JAX,Jax,Neal,Sterling,Mia,7.42,3.8,9,0.022222222
TE,Nick O'Leary (7852467),Nick O'Leary,7852467,2500,PIT@BUF,Buf,Nick,O'Leary,NYJ,3.18,1.5,8,0.033613445
TE,Nick Vannett (7852496),Nick Vannett,7852496,2500,SEA@GB,Sea,Nick,Vannett,Ten,0,0,10,0.010335917
TE,Ryan Griffin (7852434),Ryan Griffin,7852434,2500,HOU@IND,Hou,Ryan,Griffin,Dal,9.34,3.9,4,0.134396355
TE,Ryan Hewitt (7852441),Ryan Hewitt,7852441,2500,CIN@CLE,Cin,Ryan,Hewitt,Mia,0,0,13,0.004474273
TE,Sean McGrath (7852485),Sean McGrath,7852485,2500,SD@CAR,SD,Sean,McGrath,Buf,0,0,12,0.004716981
TE,Stephen Anderson (7852436),Stephen Anderson,7852436,2500,HOU@IND,Hou,Stephen,Anderson,TB,3.24,1.5,8,0.031890661
TE,Temarrick Hemingway (7852425),Temarrick Hemingway,7852425,2500,ATL@LA,LA,Temarrick,Hemingway,TB,0,0,0,0
TE,Thomas Duarte (7852454),Thomas Duarte,7852454,2500,ARI@MIA,Mia,Thomas,Duarte,LA,0,0,0,0
TE,Trey Burton (7852443),Trey Burton,7852443,2500,WAS@PHI,Phi,Trey,Burton,Dal,6.82,2,6,0.085585586
TE,Tyler Higbee (7852424),Tyler Higbee,7852424,2500,ATL@LA,LA,Tyler,Higbee,LA,1.49,1.2,6,0.051470588
TE,Tyler Kroft (7852445),Tyler Kroft,7852445,2500,CIN@CLE,Cin,Tyler,Kroft,Det,1.82,1.3,9,0.024608501
TE,Virgil Green (7852426),Virgil Green,7852426,2500,DEN@TEN,Den,Virgil,Green,NO,0,3.9,4,0.071078431
TE,Xavier Grimble (7852472),Xavier Grimble,7852472,2500,PIT@BUF,Pit,Xavier,Grimble,GB,0,0,9,0.040339703